user_idx,item_idx
0,0
0,16
0,41
0,53
0,87
0,94
0,101
0,131
0,132
0,140
0,152
0,159
0,166
0,174
0,175
0,182
0,196
0,199
0,208
0,216
0,217
0,218
0,219
0,235
0,238
0,243
0,299
0,314
0,319
0,323
0,339
0,345
0,365
1,63
1,84
1,87
1,132
1,166
1,183
1,200
1,208
1,217
1,219
1,235
1,237
1,243
1,314
1,319
2,11
2,14
2,16
2,41
2,48
2,69
2,101
2,120
2,159
2,186
2,218
2,307
2,310
2,318
2,324
3,57
3,84
3,87
3,112
3,154
3,171
3,184
3,200
3,216
3,218
3,236
3,256
4,16
4,20
4,41
4,43
4,48
4,52
4,53
4,94
4,168
4,173
4,256
4,307
4,365
5,0
5,1
5,53
5,94
5,132
5,219
5,234
5,307
5,683
6,1
6,10
6,20
6,54
6,57
6,83
6,84
6,87
6,112
6,135
6,154
6,171
6,184
6,200
6,206
6,218
6,236
6,239
6,256
6,288
6,290
6,311
6,312
6,315
6,321
6,364
6,371
7,0
7,41
7,53
7,84
7,87
7,132
7,135
7,140
7,154
7,166
7,171
7,182
7,206
7,208
7,256
7,315
8,14
8,16
8,21
8,41
8,43
8,48
8,52
8,54
8,56
8,57
8,73
8,74
8,101
8,104
8,120
8,127
8,140
8,141
8,155
8,166
8,175
8,182
8,183
8,196
8,197
8,208
8,216
8,217
8,218
8,219
8,235
8,237
8,238
8,299
8,307
8,314
8,319
8,323
8,325
8,326
8,340
8,345
8,684
9,11
9,17
9,41
9,48
9,101
9,159
9,175
9,196
9,216
9,218
10,0
10,1
10,2
10,3
10,10
10,11
10,13
10,14
10,15
10,16
10,17
10,21
10,41
10,43
10,47
10,48
10,52
10,53
10,54
10,55
10,56
10,57
10,64
10,65
10,66
10,67
10,68
10,69
10,71
10,72
10,73
10,74
10,83
10,84
10,87
10,91
10,93
10,94
10,101
10,104
10,105
10,112
10,121
10,131
10,132
10,135
10,140
10,143
10,146
10,147
10,148
10,154
10,155
10,157
10,159
10,161
10,162
10,165
10,166
10,168
10,171
10,174
10,175
10,182
10,183
10,184
10,186
10,189
10,190
10,193
10,196
10,197
10,199
10,200
10,201
10,206
10,208
10,210
10,213
10,214
10,216
10,217
10,218
10,219
10,223
10,235
10,236
10,237
10,238
10,239
10,243
10,256
10,257
10,258
10,288
10,290
10,299
10,306
10,307
10,311
10,312
10,314
10,315
10,319
10,321
10,323
10,328
10,334
10,335
10,339
10,345
10,354
10,363
10,364
10,365
10,371
10,390
10,406
10,408
10,416
10,421
10,433
10,684
11,146
11,182
11,184
11,236
11,243
11,319
11,339
11,345
12,1
12,10
12,47
12,82
12,121
12,159
12,209
12,322
13,11
13,16
13,17
13,21
13,41
13,48
13,59
13,186
13,189
13,190
13,209
13,218
13,307
13,354
13,683
14,0
14,1
14,16
14,41
14,53
14,56
14,57
14,64
14,83
14,84
14,87
14,93
14,94
14,104
14,105
14,107
14,112
14,113
14,121
14,127
14,132
14,135
14,140
14,141
14,143
14,147
14,148
14,153
14,154
14,155
14,159
14,166
14,171
14,174
14,175
14,182
14,183
14,184
14,186
14,193
14,196
14,199
14,200
14,206
14,208
14,213
14,216
14,217
14,218
14,219
14,233
14,235
14,236
14,237
14,238
14,243
14,256
14,257
14,290
14,311
14,315
14,319
14,321
14,326
14,333
14,340
14,364
14,365
14,371
15,0
15,15
15,53
15,83
15,84
15,87
15,88
15,112
15,132
15,171
15,184
15,190
15,214
16,0
16,53
16,84
16,87
16,112
16,132
16,135
16,140
16,154
16,171
16,175
16,182
16,184
16,186
16,189
16,196
16,200
16,206
16,217
16,235
16,236
16,239
16,256
16,288
16,290
16,311
16,315
16,333
16,334
16,364
17,16
17,41
17,84
17,87
17,101
17,112
17,135
17,154
17,171
17,183
17,184
17,190
17,200
17,206
17,236
17,256
17,311
17,315
18,0
18,41
18,53
18,57
18,83
18,84
18,87
18,112
18,166
18,307
19,0
19,16
19,53
19,56
19,57
19,83
19,84
19,87
19,112
19,132
19,140
19,171
19,184
19,196
19,197
19,219
19,235
19,243
19,311
20,0
20,53
20,84
20,87
20,112
20,135
20,154
20,171
20,184
20,200
20,206
20,236
20,256
20,288
20,290
20,315
20,371
21,0
21,53
21,112
21,132
21,154
21,171
21,184
21,200
21,206
21,239
21,288
21,290
21,299
21,311
21,315
21,323
21,328
21,333
21,334
21,365
22,0
22,16
22,21
22,41
22,53
22,57
22,83
22,84
22,87
22,112
22,132
22,135
22,140
22,154
22,159
22,161
22,166
22,171
22,175
22,182
22,183
22,184
22,186
22,189
22,190
22,196
22,200
22,206
22,208
22,216
22,217
22,218
22,219
22,235
22,237
22,256
22,288
22,314
22,315
22,319
22,371
22,684
23,12
23,14
23,41
23,74
23,84
23,87
23,101
23,112
23,132
23,140
23,175
23,184
23,186
23,196
23,200
23,206
23,208
23,216
23,217
23,218
23,219
23,235
23,236
23,306
23,307
24,84
24,87
24,135
24,171
24,183
24,184
24,200
24,206
24,236
24,256
24,311
24,315
24,326
25,0
25,16
25,41
25,53
25,83
25,87
25,112
25,132
25,140
25,175
25,196
25,200
25,324
26,1
26,11
26,15
26,17
26,21
26,41
26,48
26,59
26,91
26,101
26,120
26,159
26,160
26,186
26,306
26,307
26,324
26,325
26,683
27,0
27,1
27,14
27,53
27,63
27,84
27,135
27,154
27,175
27,184
27,234
28,67
28,84
28,112
28,135
28,154
28,165
28,184
28,200
28,206
28,223
28,236
28,256
28,290
28,315
28,335
28,364
28,371
28,372
28,375
29,0
29,11
29,41
29,53
29,84
29,87
29,112
29,132
29,135
29,154
29,182
29,196
29,219
29,235
29,307
30,0
30,1
30,16
30,17
30,41
30,43
30,48
30,52
30,53
30,56
30,57
30,66
30,72
30,83
30,84
30,87
30,105
30,112
30,132
30,135
30,140
30,154
30,166
30,171
30,175
30,182
30,184
30,186
30,196
30,200
30,206
30,208
30,214
30,216
30,217
30,218
30,219
30,235
30,239
30,243
30,288
30,306
30,325
30,684
31,0
31,53
31,87
31,135
31,140
31,235
31,243
31,323
32,0
32,1
32,13
32,14
32,15
32,16
32,41
32,42
32,43
32,48
32,52
32,53
32,54
32,55
32,56
32,57
32,64
32,65
32,66
32,67
32,68
32,69
32,70
32,71
32,72
32,73
32,74
32,82
32,83
32,84
32,87
32,91
32,93
32,94
32,101
32,104
32,105
32,112
32,120
32,121
32,131
32,132
32,135
32,140
32,143
32,147
32,148
32,154
32,155
32,157
32,161
32,162
32,165
32,166
32,168
32,171
32,174
32,175
32,176
32,182
32,183
32,184
32,193
32,196
32,197
32,199
32,200
32,201
32,206
32,207
32,208
32,209
32,210
32,213
32,214
32,216
32,217
32,218
32,219
32,223
32,235
32,236
32,237
32,238
32,239
32,243
32,256
32,257
32,258
32,288
32,290
32,299
32,306
32,307
32,311
32,312
32,314
32,315
32,319
32,321
32,322
32,323
32,326
32,328
32,333
32,334
32,335
32,339
32,340
32,345
32,354
32,364
32,365
32,371
32,372
32,396
33,0
33,17
33,53
33,87
33,132
33,159
33,243
33,324
33,325
33,339
33,345
33,390
34,3
34,4
34,6
34,74
34,101
34,124
34,156
34,159
35,84
35,87
35,135
35,183
35,184
35,206
35,237
35,311
35,315
35,326
35,340
36,0
36,16
36,21
36,41
36,43
36,53
36,54
36,55
36,56
36,57
36,64
36,65
36,67
36,68
36,69
36,71
36,72
36,83
36,84
36,87
36,93
36,101
36,104
36,112
36,114
36,117
36,121
36,131
36,132
36,135
36,140
36,141
36,154
36,155
36,156
36,158
36,159
36,163
36,166
36,171
36,175
36,176
36,182
36,183
36,184
36,186
36,190
36,193
36,196
36,197
36,199
36,200
36,206
36,208
36,210
36,213
36,214
36,217
36,218
36,219
36,235
36,236
36,238
36,239
36,243
36,256
36,257
36,288
36,290
36,299
36,307
36,311
36,312
36,314
36,315
36,319
36,331
36,334
36,345
36,354
36,364
36,371
36,390
36,394
36,684
37,0
37,1
37,10
37,41
37,53
37,54
37,56
37,57
37,63
37,84
37,87
37,104
37,105
37,127
37,135
37,141
37,143
37,148
37,159
37,186
37,189
37,190
37,207
37,216
37,218
37,233
37,235
37,243
37,299
37,307
37,324
37,325
37,684
38,0
38,53
38,84
38,87
38,94
38,112
38,132
38,135
38,140
38,154
38,157
38,171
38,174
38,175
38,182
38,184
38,189
38,190
38,196
38,199
38,200
38,206
38,208
38,214
38,235
38,236
38,239
38,256
38,288
38,290
38,299
38,311
38,314
38,315
38,319
38,323
38,328
38,334
38,339
38,345
38,365
38,371
39,0
39,41
39,53
39,56
39,57
39,63
39,84
39,87
39,112
39,132
39,135
39,140
39,154
39,171
39,182
39,184
39,200
39,206
39,208
39,217
39,218
39,243
39,256
39,345
40,0
40,41
40,53
40,54
40,112
40,115
40,166
40,168
40,171
40,196
40,235
40,345
41,10
41,11
41,14
41,21
41,53
41,56
41,141
41,159
41,168
41,186
41,189
41,324
42,0
42,1
42,2
42,10
42,12
42,14
42,15
42,20
42,41
42,53
42,57
42,87
42,216
42,256
42,306
42,310
43,0
43,41
43,53
43,87
43,112
43,132
43,154
43,166
43,171
43,175
43,186
43,189
43,190
43,196
43,200
43,238
43,243
43,256
43,299
43,339
43,345
43,365
43,371
44,3
44,4
44,6
44,124
44,159
44,186
44,189
44,190
44,209
44,322
44,324
45,0
45,53
45,56
45,57
45,83
45,84
45,87
45,112
45,132
45,135
45,140
45,154
45,166
45,171
45,175
45,182
45,184
45,196
45,200
45,206
45,208
45,217
45,219
45,235
45,236
45,239
45,288
45,290
45,311
45,333
45,334
46,14
46,17
46,41
46,53
46,94
46,101
46,171
46,174
46,184
46,199
46,237
46,306
47,11
47,12
47,15
47,17
47,41
47,53
47,57
47,66
47,74
47,84
47,87
47,101
47,112
47,135
47,154
47,171
47,174
47,184
47,200
47,206
47,239
47,243
47,256
47,290
47,306
47,307
47,324
47,325
47,684
48,0
48,11
48,16
48,41
48,53
48,54
48,55
48,56
48,57
48,63
48,65
48,67
48,74
48,83
48,84
48,87
48,94
48,104
48,105
48,112
48,121
48,132
48,135
48,140
48,146
48,154
48,159
48,162
48,163
48,166
48,171
48,175
48,182
48,183
48,184
48,190
48,196
48,199
48,200
48,206
48,208
48,214
48,216
48,217
48,219
48,223
48,234
48,235
48,236
48,237
48,238
48,239
48,243
48,256
48,258
48,288
48,290
48,299
48,302
48,307
48,311
48,312
48,314
48,315
48,319
48,323
48,326
48,331
48,339
48,340
48,345
48,364
48,365
48,371
48,390
48,684
49,84
49,93
49,182
49,183
49,237
49,299
49,319
49,323
49,324
49,326
49,340
49,365
50,0
50,1
50,11
50,41
50,53
50,105
50,112
50,135
50,140
50,166
50,184
51,41
51,56
51,74
51,140
51,166
51,175
51,182
51,190
51,196
51,197
51,208
51,217
51,219
51,235
51,238
51,243
51,307
52,0
52,11
52,16
52,20
52,21
52,41
52,53
52,54
52,57
52,67
52,74
52,82
52,84
52,87
52,104
52,112
52,121
52,132
52,135
52,140
52,143
52,146
52,147
52,154
52,155
52,157
52,166
52,171
52,174
52,175
52,182
52,183
52,184
52,196
52,197
52,199
52,200
52,206
52,208
52,210
52,217
52,219
52,235
52,236
52,237
52,238
52,239
52,243
52,256
52,257
52,288
52,290
52,299
52,311
52,312
52,314
52,315
52,319
52,323
52,326
52,328
52,333
52,334
52,339
52,340
52,345
52,365
52,371
52,390
53,0
53,11
53,17
53,41
53,48
53,53
53,54
53,56
53,57
53,63
53,64
53,66
53,67
53,74
53,83
53,84
53,87
53,91
53,101
53,105
53,112
53,132
53,135
53,140
53,143
53,146
53,148
53,154
53,155
53,157
53,165
53,166
53,171
53,174
53,175
53,176
53,182
53,183
53,184
53,193
53,196
53,197
53,199
53,200
53,201
53,206
53,207
53,208
53,209
53,213
53,214
53,216
53,217
53,219
53,235
53,236
53,237
53,238
53,239
53,243
53,256
53,257
53,288
53,290
53,299
53,307
53,311
53,312
53,314
53,315
53,319
53,321
53,323
53,326
53,328
53,331
53,333
53,334
53,335
53,339
53,340
53,345
53,364
53,365
53,371
53,390
53,394
53,396
53,416
53,421
54,0
54,11
54,16
54,20
54,41
54,53
54,57
54,72
54,83
54,84
54,87
54,112
54,132
54,135
54,140
54,154
54,155
54,166
54,171
54,175
54,182
54,184
54,186
54,189
54,190
54,191
54,193
54,196
54,200
54,206
54,208
54,213
54,217
54,219
54,235
54,236
54,238
54,239
54,243
54,256
54,257
54,288
54,290
54,299
54,307
54,311
54,314
54,315
54,321
54,323
54,333
54,334
54,339
54,345
54,364
54,365
54,371
54,390
55,0
55,53
55,84
55,87
55,94
55,101
55,112
55,132
55,135
55,140
55,154
55,166
55,171
55,174
55,184
55,199
55,200
55,206
55,235
55,243
55,256
55,299
55,315
55,323
55,335
55,339
55,345
55,364
55,365
56,0
56,20
56,84
56,101
56,132
56,135
56,140
56,154
56,171
56,182
56,206
56,208
56,235
56,236
56,239
56,256
56,288
56,311
56,315
56,333
56,364
56,371
57,11
57,20
57,41
57,56
57,84
57,87
57,105
57,112
57,135
57,143
57,148
57,154
57,171
57,182
57,183
57,196
57,200
57,207
57,237
57,307
57,319
57,326
57,340
58,0
58,16
58,41
58,43
58,48
58,52
58,53
58,54
58,55
58,56
58,57
58,63
58,64
58,65
58,66
58,67
58,73
58,74
58,83
58,84
58,87
58,94
58,101
58,104
58,105
58,112
58,121
58,131
58,132
58,135
58,140
58,143
58,146
58,147
58,148
58,154
58,155
58,157
58,161
58,162
58,165
58,166
58,168
58,171
58,174
58,175
58,176
58,182
58,183
58,184
58,193
58,196
58,197
58,199
58,200
58,201
58,206
58,207
58,208
58,210
58,213
58,214
58,216
58,217
58,218
58,219
58,235
58,236
58,237
58,238
58,239
58,243
58,256
58,257
58,258
58,288
58,290
58,299
58,302
58,307
58,311
58,312
58,314
58,315
58,319
58,321
58,323
58,326
58,328
58,331
58,333
58,334
58,335
58,339
58,340
58,345
58,354
58,364
58,365
58,371
58,372
58,375
58,390
58,394
58,396
58,402
58,403
58,406
58,409
58,416
59,1
59,14
59,15
59,17
59,20
59,21
59,41
59,48
59,53
59,56
59,73
59,74
59,104
59,132
59,160
59,186
59,190
59,216
59,218
59,306
59,307
59,324
59,683
59,684
60,0
60,16
60,41
60,42
60,43
60,48
60,52
60,53
60,55
60,56
60,57
60,63
60,64
60,65
60,66
60,67
60,68
60,69
60,71
60,72
60,73
60,74
60,82
60,83
60,84
60,87
60,90
60,91
60,93
60,101
60,105
60,112
60,121
60,131
60,132
60,135
60,140
60,143
60,148
60,154
60,161
60,166
60,171
60,175
60,182
60,183
60,184
60,196
60,197
60,200
60,208
60,210
60,214
60,216
60,217
60,218
60,219
60,237
60,239
60,258
60,288
60,307
60,323
60,335
60,354
61,1
61,11
61,15
61,17
61,19
61,20
61,41
61,48
61,91
61,101
61,141
61,153
61,159
61,186
61,189
61,218
61,304
61,307
61,324
62,1
62,3
62,10
62,12
62,13
62,14
62,15
62,41
62,55
62,56
62,87
62,121
62,141
62,159
62,172
62,173
62,209
62,211
62,216
62,228
62,322
62,324
62,354
63,0
63,53
63,72
63,83
63,84
63,87
63,112
63,132
63,135
63,140
63,154
63,159
63,166
63,171
63,175
63,182
63,184
63,196
63,200
63,206
63,208
63,217
63,219
63,235
63,236
63,239
63,288
63,290
63,311
63,315
63,328
63,333
63,334
64,11
64,16
64,21
64,41
64,48
64,53
64,73
64,94
64,683
65,0
65,41
65,63
65,87
65,104
65,107
65,132
65,140
65,141
65,182
65,189
65,219
66,41
66,52
66,53
66,54
66,55
66,57
66,63
66,64
66,65
66,66
66,67
66,83
66,84
66,87
66,104
66,105
66,112
66,135
66,140
66,143
66,148
66,154
66,157
66,165
66,166
66,171
66,175
66,183
66,184
66,196
66,197
66,200
66,206
66,214
66,216
66,218
66,223
66,237
66,239
66,243
66,256
66,302
66,311
66,315
66,333
66,364
66,684
67,0
67,17
67,53
67,72
67,84
67,87
67,101
67,132
67,140
67,154
67,171
67,175
67,182
67,184
67,196
67,206
67,208
67,217
67,219
67,235
67,236
67,288
67,290
67,325
68,0
68,41
68,53
68,54
68,57
68,66
68,67
68,74
68,82
68,83
68,84
68,87
68,94
68,105
68,112
68,132
68,135
68,140
68,143
68,146
68,148
68,154
68,165
68,166
68,171
68,174
68,175
68,182
68,183
68,184
68,196
68,197
68,199
68,200
68,206
68,207
68,208
68,210
68,213
68,214
68,217
68,219
68,223
68,235
68,236
68,237
68,238
68,239
68,243
68,256
68,257
68,288
68,290
68,299
68,302
68,311
68,314
68,315
68,319
68,321
68,323
68,326
68,333
68,334
68,335
68,339
68,340
68,345
68,364
68,365
68,371
68,390
68,409
68,421
69,0
69,11
69,17
69,21
69,53
69,101
69,141
69,153
69,159
69,163
69,186
69,189
69,190
69,216
69,684
70,0
70,4
70,41
70,87
70,94
70,132
70,166
70,171
70,183
70,184
70,200
70,206
70,217
70,219
70,235
70,236
70,237
70,239
70,288
70,314
70,319
70,683
71,0
71,11
71,53
71,87
71,112
71,171
71,184
71,196
71,200
71,206
71,235
71,236
71,288
71,290
71,324
72,0
72,14
72,21
72,41
72,53
72,56
72,87
72,127
72,132
72,141
72,153
72,157
72,158
72,159
72,171
72,184
72,186
72,200
72,218
72,235
72,256
72,309
72,354
72,431
72,684
73,0
73,41
73,53
73,84
73,87
73,112
73,155
73,186
73,196
73,235
74,0
74,20
74,41
74,52
74,53
74,132
74,171
74,196
74,206
74,235
74,236
74,239
74,311
74,315
74,334
75,0
75,41
75,53
75,84
75,87
75,132
75,135
75,140
75,154
75,166
75,171
75,182
75,206
75,208
75,256
75,315
76,11
76,15
76,16
76,21
76,41
76,47
76,52
76,56
76,121
76,135
76,140
76,141
76,144
76,153
76,157
76,159
76,186
76,189
76,190
76,218
76,223
76,307
77,41
77,56
77,57
77,65
77,84
77,87
77,112
77,135
77,140
77,154
77,166
77,171
77,182
77,184
77,200
77,206
77,219
77,256
77,315
78,0
78,3
78,6
78,14
78,16
78,41
78,57
78,64
78,65
78,216
78,218
78,683
79,0
79,53
79,112
79,132
79,154
79,171
79,184
79,200
79,206
79,216
79,217
79,218
79,236
79,239
79,288
79,290
80,1
80,84
80,87
80,112
80,141
80,154
80,159
80,206
80,324
81,0
81,11
81,41
81,94
81,132
81,166
81,183
81,197
81,237
81,243
81,319
81,340
81,371
82,0
82,11
82,14
82,16
82,20
82,41
82,56
82,73
82,101
82,112
82,154
82,159
82,171
82,186
82,216
82,218
82,243
82,684
83,0
83,41
83,53
83,84
83,87
83,112
83,140
83,166
83,182
83,183
83,184
83,196
83,208
83,235
83,237
83,238
83,299
83,319
83,323
83,326
83,340
83,365
83,371
84,0
84,41
84,53
84,84
84,87
84,112
84,132
84,140
84,146
84,154
84,175
84,182
84,184
84,196
84,200
84,206
84,208
84,214
84,217
84,219
84,235
84,239
84,243
84,258
84,299
85,0
85,16
85,53
85,56
85,57
85,66
85,67
85,72
85,83
85,84
85,87
85,112
85,132
85,135
85,140
85,154
85,165
85,166
85,175
85,182
85,184
85,196
85,200
85,206
85,208
85,217
85,219
85,235
85,238
85,243
85,334
86,16
86,19
86,21
86,41
86,57
86,83
86,87
86,171
86,190
86,218
86,236
86,315
86,683
87,3
87,14
87,15
87,67
87,73
87,74
87,127
87,141
87,153
87,159
87,163
87,216
87,218
87,684
88,1
88,20
88,41
88,54
88,57
88,73
88,83
88,84
88,85
88,87
88,112
88,135
88,140
88,154
88,162
88,171
88,190
88,200
88,206
88,219
88,236
88,256
88,288
88,306
88,684
89,0
89,11
89,16
89,17
89,20
89,41
89,48
89,52
89,53
89,54
89,55
89,56
89,57
89,63
89,66
89,67
89,68
89,71
89,74
89,83
89,84
89,85
89,87
89,93
89,94
89,101
89,104
89,105
89,112
89,121
89,132
89,135
89,140
89,143
89,146
89,147
89,148
89,154
89,155
89,157
89,161
89,165
89,166
89,168
89,171
89,175
89,176
89,182
89,183
89,184
89,193
89,196
89,197
89,199
89,200
89,201
89,206
89,207
89,208
89,210
89,213
89,214
89,216
89,217
89,218
89,219
89,223
89,235
89,236
89,237
89,238
89,239
89,243
89,256
89,257
89,288
89,299
89,307
89,311
89,312
89,314
89,315
89,319
89,320
89,321
89,323
89,326
89,328
89,331
89,333
89,339
89,340
89,345
89,354
89,364
89,365
89,371
89,372
89,373
89,375
89,390
89,394
89,396
89,402
89,406
89,416
89,421
90,41
90,84
90,87
90,135
90,166
90,182
90,183
90,184
90,197
90,208
90,237
90,238
90,256
90,319
90,326
90,340
90,371
91,41
91,84
91,87
91,154
91,171
91,196
91,216
91,218
91,243
91,299
92,11
92,16
92,101
92,159
92,186
92,307
92,683
92,684
93,0
93,16
93,84
93,87
93,135
93,154
93,184
93,186
93,190
93,196
93,200
93,206
93,218
93,239
93,256
93,288
93,290
93,371
94,41
94,57
94,84
94,87
94,135
94,140
94,184
94,206
94,217
95,0
95,41
95,53
95,57
95,63
95,83
95,84
95,87
95,112
95,132
95,135
95,140
95,154
95,166
95,171
95,175
95,182
95,184
95,196
95,200
95,206
95,208
95,217
95,219
95,235
95,236
95,239
95,256
95,288
95,290
96,0
96,53
96,132
96,196
96,206
96,235
96,239
97,0
97,16
97,20
97,21
97,53
97,57
97,84
97,87
97,112
97,132
97,135
97,140
97,154
97,171
97,175
97,183
97,186
97,196
97,208
97,219
97,237
97,243
97,299
97,315
97,323
97,326
97,339
97,340
97,345
97,365
98,16
98,17
98,20
98,21
98,52
98,101
98,168
98,190
98,216
98,218
98,324
98,683
98,684
99,20
99,41
99,56
99,57
99,84
99,87
99,135
99,154
99,171
99,184
99,209
99,322
100,0
100,53
100,84
100,87
100,112
100,132
100,135
100,140
100,154
100,171
100,175
100,182
100,184
100,186
100,189
100,196
100,200
100,206
100,217
100,235
100,236
100,239
100,256
100,288
100,290
100,311
100,315
100,333
100,334
100,364
101,0
101,53
101,84
101,87
101,112
101,132
101,135
101,140
101,175
101,196
101,200
101,206
101,208
101,219
101,235
101,236
101,239
101,288
101,290
102,0
102,1
102,10
102,14
102,15
102,16
102,17
102,41
102,55
102,57
102,67
102,101
102,155
102,159
102,200
102,216
102,218
102,306
102,307
102,324
102,354
103,41
103,57
103,83
103,84
103,87
103,112
103,135
103,154
103,159
103,171
103,184
103,200
103,206
103,223
103,236
103,239
103,256
103,288
103,290
103,311
103,312
103,315
103,364
103,371
104,0
104,11
104,41
104,53
104,84
104,101
104,112
104,132
104,135
104,140
104,154
104,166
104,175
104,182
104,183
104,196
104,197
104,206
104,217
104,219
104,235
104,237
104,239
104,288
104,306
104,314
104,319
104,326
104,340
105,87
105,112
105,135
105,154
105,171
105,175
105,184
105,196
105,200
105,206
106,0
106,1
106,14
106,53
106,84
106,87
106,112
106,132
106,135
106,184
107,0
107,41
107,57
107,84
107,87
107,112
107,135
107,154
107,155
107,171
107,182
107,184
107,200
107,206
107,216
107,218
107,223
107,236
107,239
107,256
107,288
107,290
107,306
107,311
107,315
107,371
108,11
108,17
108,48
108,56
108,67
108,91
108,120
108,141
108,152
108,159
108,173
108,186
108,189
108,307
108,322
108,324
108,684
109,0
109,16
109,17
109,41
109,53
109,56
109,74
109,84
109,87
109,112
109,132
109,135
109,140
109,166
109,171
109,175
109,184
109,186
109,190
109,200
109,206
109,217
109,235
109,256
109,307
109,354
109,683
110,0
110,1
110,21
110,53
110,94
110,159
110,186
110,189
110,190
111,0
111,1
111,10
111,14
111,41
111,47
111,56
111,113
111,130
111,186
111,190
111,218
111,234
111,324
112,0
112,1
112,14
112,41
112,53
112,57
112,72
112,74
112,83
112,84
112,87
112,101
112,104
112,112
112,132
112,141
112,154
112,159
112,168
112,186
112,190
112,216
112,218
112,243
113,0
113,16
113,21
113,53
113,55
113,56
113,57
113,64
113,84
113,87
113,104
113,112
113,132
113,135
113,140
113,143
113,148
113,154
113,155
113,166
113,171
113,182
113,183
113,186
113,201
113,206
113,207
113,208
113,219
113,239
113,243
113,288
113,299
113,323
113,345
114,0
114,53
114,56
114,83
114,87
114,105
114,112
114,135
114,154
114,182
114,196
114,206
114,236
114,290
114,311
114,315
115,0
115,16
115,41
115,55
115,56
115,57
115,82
115,87
115,101
115,135
115,154
115,157
115,186
115,189
115,216
115,218
116,0
116,41
116,53
116,57
116,63
116,83
116,87
116,112
116,140
116,154
116,190
116,196
116,200
116,239
116,288
116,290
117,84
117,112
117,135
117,154
117,206
117,239
117,243
117,256
117,339
117,345
117,364
118,14
118,21
118,41
118,141
118,159
118,186
118,190
118,216
118,218
119,0
119,1
119,10
119,11
119,14
119,15
119,16
119,20
119,21
119,41
119,52
119,53
119,55
119,56
119,101
119,120
119,159
119,168
119,182
119,186
119,189
119,196
119,199
119,218
119,243
119,307
119,319
119,339
119,345
119,371
119,684
120,1
120,11
120,21
120,41
120,47
120,84
120,87
120,112
120,121
120,135
120,154
120,171
120,184
120,186
120,200
120,206
120,218
120,236
120,256
120,288
120,290
120,311
120,315
120,364
120,371
121,0
121,16
121,53
121,84
121,87
121,112
121,132
121,140
121,154
121,166
121,184
121,196
121,199
121,200
121,206
121,208
121,217
121,219
121,235
121,236
121,239
121,290
121,311
121,315
121,333
122,0
122,53
122,87
122,112
122,132
122,135
122,140
122,154
122,175
123,0
123,10
123,11
123,14
123,16
123,17
123,41
123,43
123,48
123,53
123,54
123,56
123,57
123,63
123,68
123,69
123,71
123,72
123,73
123,74
123,87
123,90
123,91
123,93
123,101
123,104
123,117
123,130
123,142
123,155
123,159
123,163
123,167
123,179
123,186
123,189
123,190
123,197
123,216
123,218
123,235
123,243
123,299
123,304
123,307
123,324
123,336
123,337
123,365
123,683
124,41
124,53
124,87
124,94
124,127
124,184
124,200
124,206
124,236
124,239
124,243
124,288
124,290
125,16
125,19
125,21
125,63
125,73
125,120
125,168
125,186
125,218
126,1
126,21
126,127
126,130
126,141
126,153
126,159
126,168
126,186
126,190
126,684
127,0
127,16
127,17
127,41
127,53
127,56
127,57
127,74
127,83
127,84
127,87
127,112
127,132
127,135
127,140
127,141
127,160
127,166
127,175
127,182
127,184
127,196
127,206
127,208
127,217
127,219
127,235
127,239
127,243
127,253
127,299
127,307
127,324
127,683
128,0
128,21
128,41
128,53
128,74
128,112
128,166
128,216
128,218
128,307
129,1
129,14
129,19
129,41
129,48
129,70
129,91
129,120
129,160
129,186
129,190
129,195
129,307
129,308
129,310
129,325
129,683
130,16
130,21
130,41
130,101
130,168
130,243
130,307
130,339
130,345
131,0
131,53
131,87
131,112
131,132
131,135
131,140
131,166
131,174
131,175
131,182
131,196
131,200
131,208
131,217
131,219
131,235
131,236
131,238
131,256
131,288
131,290
131,299
131,314
131,319
131,321
131,323
131,326
131,339
131,340
131,345
131,365
132,0
132,53
132,84
132,112
132,132
132,140
132,154
132,171
132,184
132,196
132,200
132,206
132,217
132,219
132,235
132,239
132,288
133,0
133,12
133,16
133,41
133,55
133,56
133,127
133,186
133,189
133,190
133,196
133,235
133,307
134,0
134,18
134,19
134,53
134,112
134,132
134,139
134,154
134,171
134,195
134,200
134,206
134,236
134,239
134,288
134,290
134,311
134,328
134,333
134,334
135,57
135,84
135,87
135,112
135,135
135,140
135,154
135,166
135,171
135,174
135,175
135,182
135,183
135,184
135,196
135,197
135,200
135,206
135,208
135,217
135,219
135,235
135,236
135,237
135,238
135,239
135,243
135,256
135,288
135,290
135,299
135,311
135,314
135,315
135,319
135,323
135,326
135,339
135,340
135,345
135,364
135,365
135,371
136,0
136,16
136,21
136,41
136,52
136,53
136,54
136,57
136,104
136,112
136,154
136,184
136,186
136,196
136,216
136,235
136,307
136,312
137,0
137,20
137,41
137,53
137,54
137,66
137,72
137,84
137,87
137,112
137,132
137,135
137,140
137,154
137,171
137,175
137,182
137,184
137,196
137,200
137,206
137,208
137,217
137,219
137,235
137,236
137,239
137,256
137,288
137,290
137,315
137,364
137,371
138,16
138,21
138,56
138,57
138,83
138,87
138,112
138,135
138,140
138,154
138,159
138,161
138,166
138,171
138,184
138,196
138,197
138,201
138,234
138,236
138,239
138,256
138,290
138,311
139,41
139,48
139,63
139,84
139,93
139,112
139,135
139,140
139,219
139,233
139,307
140,1
140,11
140,21
140,41
140,105
140,168
140,186
140,190
141,1
141,21
141,101
141,108
141,127
141,141
141,186
141,189
141,190
141,683
141,684
142,0
142,41
142,53
142,57
142,84
142,87
142,112
142,132
142,135
142,154
142,196
142,235
142,243
143,48
143,55
143,57
143,66
143,73
143,74
143,84
143,105
143,140
143,166
143,174
143,175
143,176
143,182
143,183
143,196
143,197
143,208
143,216
143,217
143,218
143,219
143,235
143,237
143,238
143,243
143,256
143,299
143,307
143,314
143,319
143,323
143,326
143,333
143,339
143,340
143,345
143,365
143,371
144,41
144,53
144,57
144,87
144,135
144,186
144,216
144,218
144,256
144,307
144,324
144,325
145,43
145,66
145,84
145,112
145,135
145,154
145,166
145,175
145,182
145,183
145,184
145,196
145,200
145,206
145,208
145,216
145,218
145,219
145,236
145,239
145,299
145,311
145,315
146,0
146,20
146,53
146,84
146,132
146,135
146,171
146,182
146,183
146,184
146,189
146,236
146,237
146,239
146,243
146,256
146,299
146,311
146,315
146,319
146,323
146,326
146,339
146,340
146,345
146,364
146,365
147,0
147,16
147,41
147,43
147,48
147,53
147,56
147,64
147,65
147,67
147,74
147,83
147,84
147,87
147,93
147,101
147,105
147,112
147,131
147,135
147,140
147,147
147,154
147,159
147,161
147,162
147,166
147,171
147,175
147,184
147,186
147,190
147,200
147,201
147,206
147,216
147,218
147,236
147,239
147,256
147,288
147,290
147,307
147,319
147,325
147,335
147,684
148,84
148,112
148,135
148,140
148,154
148,182
148,206
148,208
148,219
148,239
148,290
148,364
148,371
149,0
149,16
149,41
149,48
149,53
149,57
149,64
149,65
149,67
149,74
149,83
149,84
149,87
149,94
149,101
149,112
149,131
149,132
149,135
149,140
149,154
149,155
149,165
149,166
149,171
149,174
149,175
149,182
149,184
149,196
149,199
149,200
149,206
149,208
149,217
149,219
149,235
149,238
149,256
149,299
149,307
149,314
149,323
149,365
150,0
150,16
150,41
150,43
150,48
150,52
150,53
150,54
150,56
150,57
150,63
150,68
150,69
150,71
150,72
150,74
150,82
150,83
150,84
150,87
150,94
150,101
150,104
150,132
150,135
150,140
150,146
150,154
150,155
150,157
150,166
150,171
150,174
150,175
150,182
150,183
150,184
150,193
150,196
150,197
150,199
150,200
150,201
150,206
150,208
150,213
150,214
150,216
150,217
150,218
150,219
150,223
150,235
150,236
150,237
150,238
150,239
150,243
150,256
150,257
150,258
150,288
150,290
150,299
150,302
150,307
150,311
150,312
150,314
150,315
150,319
150,321
150,323
150,326
150,328
150,333
150,334
150,339
150,345
150,354
150,363
150,364
150,365
150,371
150,390
150,396
150,416
150,421
151,0
151,84
151,87
151,140
151,154
151,171
151,175
151,217
152,0
152,16
152,41
152,53
152,94
152,101
152,199
152,216
152,218
153,0
153,21
153,53
153,112
153,140
153,154
153,171
153,175
153,182
153,184
153,196
153,200
153,206
153,208
153,217
153,235
153,299
153,323
153,324
153,325
153,365
154,41
154,83
154,84
154,87
154,112
154,135
154,140
154,154
154,166
154,171
154,175
154,182
154,184
154,186
154,189
154,196
154,200
154,206
154,235
154,236
154,256
154,290
154,315
155,15
155,19
155,41
155,48
155,101
155,216
155,218
155,304
155,306
155,307
155,310
156,16
156,19
156,20
156,53
156,71
156,94
156,107
156,108
156,113
156,116
156,117
156,127
156,130
156,132
156,133
156,134
156,141
156,153
156,156
156,174
156,186
156,214
156,238
156,299
156,683
156,684
157,0
157,53
157,83
157,87
157,112
157,135
157,140
157,184
158,0
158,11
158,21
158,41
158,53
158,56
158,87
158,94
158,132
158,174
158,199
158,236
158,307
159,4
159,41
159,87
159,124
159,160
159,253
159,324
159,325
159,683
160,141
160,159
160,189
160,190
160,324
160,325
161,1
161,10
161,12
161,14
161,15
161,17
161,21
161,101
161,128
161,135
161,184
161,186
161,189
161,190
161,218
161,306
161,324
161,325
162,0
162,53
162,54
162,83
162,84
162,85
162,87
162,104
162,112
162,132
162,135
162,140
162,146
162,154
162,155
162,157
162,166
162,171
162,174
162,175
162,182
162,183
162,184
162,196
162,199
162,200
162,206
162,208
162,213
162,217
162,219
162,235
162,236
162,238
162,239
162,243
162,256
162,257
162,258
162,288
162,290
162,299
162,311
162,312
162,321
162,323
162,326
162,328
162,333
162,364
162,371
162,390
163,0
163,16
163,20
163,53
163,57
163,64
163,84
163,87
163,112
163,132
163,135
163,140
163,154
163,166
163,171
163,175
163,182
163,184
163,206
163,214
163,299
164,1
164,21
164,41
164,63
164,120
164,141
164,143
164,148
164,153
164,207
164,243
164,307
164,339
164,345
165,0
165,11
165,15
165,16
165,41
165,43
165,48
165,52
165,53
165,54
165,55
165,56
165,57
165,63
165,64
165,65
165,67
165,68
165,69
165,73
165,74
165,82
165,83
165,84
165,87
165,93
165,94
165,101
165,104
165,105
165,112
165,115
165,121
165,131
165,132
165,135
165,140
165,143
165,147
165,148
165,154
165,155
165,157
165,161
165,163
165,165
165,166
165,168
165,171
165,173
165,175
165,182
165,183
165,184
165,186
165,190
165,193
165,196
165,197
165,200
165,206
165,208
165,210
165,216
165,217
165,218
165,219
165,224
165,228
165,229
165,235
165,236
165,237
165,238
165,240
165,243
165,252
165,256
165,288
165,290
165,296
165,299
165,307
165,314
165,315
165,319
165,322
165,323
165,335
165,340
165,354
165,365
165,371
166,0
166,16
166,53
166,83
166,87
166,112
166,132
166,135
166,140
166,184
166,190
167,41
167,140
167,166
167,175
167,183
167,196
167,208
167,217
167,219
167,235
167,237
167,238
167,314
167,326
167,340
167,371
168,0
168,16
168,17
168,19
168,21
168,41
168,42
168,74
168,84
168,87
168,168
168,196
168,307
168,683
169,0
169,21
169,41
169,53
169,56
169,57
169,65
169,83
169,84
169,87
169,104
169,112
169,132
169,135
169,141
169,154
169,155
169,161
169,171
169,184
169,200
169,206
169,235
169,236
169,239
169,243
169,288
169,290
169,299
170,0
170,41
170,53
170,56
170,57
170,63
170,87
170,94
170,105
170,112
170,132
170,135
170,143
170,154
170,166
170,171
170,183
170,184
170,196
170,200
170,208
170,217
170,219
170,235
170,236
170,237
170,256
170,288
170,311
170,314
170,319
170,328
170,334
170,339
170,340
170,364
170,365
170,376
171,0
171,16
171,53
171,66
171,67
171,83
171,84
171,87
171,112
171,132
171,135
171,140
171,154
171,165
171,166
171,171
171,174
171,175
171,182
171,183
171,184
171,186
171,196
171,197
171,200
171,206
171,208
171,217
171,219
171,235
171,236
171,237
171,238
171,239
171,243
171,256
171,288
171,290
171,299
171,314
171,319
171,323
171,326
171,328
171,339
171,340
171,345
171,365
171,371
172,1
172,10
172,14
172,17
172,41
172,48
172,73
172,74
172,84
172,87
172,101
172,112
172,135
172,140
172,154
172,166
172,171
172,175
172,182
172,183
172,184
172,196
172,200
172,206
172,208
172,217
172,219
172,235
172,237
172,238
172,239
172,243
172,256
172,288
172,299
172,307
172,314
172,315
172,319
172,323
172,326
172,339
172,340
172,345
172,365
172,371
172,683
173,0
173,20
173,21
173,41
173,53
173,87
173,94
173,112
173,132
173,154
173,166
173,171
173,174
173,182
173,183
173,184
173,186
173,196
173,199
173,200
173,206
173,208
173,216
173,236
173,237
173,238
173,239
173,288
173,290
173,319
173,326
173,340
173,371
173,683
174,0
174,41
174,53
174,66
174,83
174,84
174,87
174,105
174,112
174,132
174,135
174,140
174,146
174,147
174,154
174,157
174,166
174,171
174,174
174,175
174,182
174,183
174,184
174,193
174,196
174,197
174,199
174,200
174,201
174,206
174,208
174,209
174,210
174,213
174,216
174,217
174,218
174,219
174,235
174,236
174,237
174,238
174,239
174,243
174,256
174,257
174,258
174,288
174,290
174,299
174,311
174,312
174,314
174,315
174,319
174,321
174,323
174,326
174,328
174,335
174,339
174,340
174,345
174,364
174,365
174,371
174,372
174,390
174,394
174,396
175,0
175,1
175,14
175,16
175,20
175,21
175,52
175,53
175,56
175,57
175,63
175,103
175,132
175,141
175,153
175,159
175,186
175,189
175,190
175,216
175,218
175,325
175,684
176,0
176,53
176,63
176,87
176,94
176,112
176,132
176,140
176,146
176,154
176,157
176,171
176,175
176,183
176,184
176,196
176,199
176,200
176,206
176,214
176,217
176,219
176,235
176,236
176,237
176,239
176,243
176,258
176,288
176,290
176,302
176,314
176,315
176,326
176,339
176,340
176,345
176,371
176,390
176,402
176,421
177,1
177,10
177,11
177,14
177,43
177,53
177,91
177,94
177,120
177,135
177,159
177,174
177,199
177,218
177,235
178,10
178,47
178,64
178,65
178,87
178,107
178,112
178,154
178,159
178,171
178,184
178,200
178,216
178,223
178,236
178,256
178,290
178,299
178,307
178,315
178,323
178,684
179,0
179,15
179,17
179,41
179,53
179,57
179,83
179,84
179,87
179,112
179,132
179,135
179,140
179,154
179,166
179,171
179,174
179,175
179,182
179,183
179,184
179,193
179,196
179,200
179,206
179,208
179,217
179,219
179,235
179,236
179,237
179,238
179,243
179,256
179,299
179,306
179,311
179,314
179,315
179,319
179,323
179,326
179,340
179,365
179,371
180,3
180,15
180,57
180,84
180,87
180,112
180,135
180,154
180,171
180,184
180,200
180,206
180,256
181,1
181,3
181,10
181,14
181,43
181,56
181,134
181,159
181,218
181,324
181,325
181,335
182,0
182,16
182,41
182,53
182,56
182,57
182,71
182,72
182,83
182,84
182,87
182,101
182,105
182,112
182,132
182,140
182,159
182,166
182,171
182,175
182,182
182,183
182,184
182,196
182,199
182,200
182,206
182,208
182,214
182,217
182,219
182,223
182,235
182,236
182,237
182,238
182,239
182,256
182,288
182,299
182,311
182,314
182,321
182,323
182,326
182,328
182,334
182,339
182,340
182,364
182,365
182,371
183,0
183,16
183,17
183,20
183,21
183,41
183,43
183,48
183,53
183,54
183,55
183,56
183,57
183,64
183,65
183,66
183,67
183,68
183,69
183,71
183,72
183,73
183,74
183,83
183,84
183,87
183,91
183,93
183,94
183,101
183,104
183,105
183,112
183,118
183,121
183,126
183,129
183,131
183,132
183,135
183,136
183,140
183,143
183,146
183,147
183,148
183,154
183,155
183,157
183,158
183,161
183,162
183,165
183,166
183,171
183,174
183,175
183,176
183,182
183,183
183,184
183,186
183,189
183,193
183,196
183,197
183,199
183,200
183,201
183,206
183,207
183,208
183,210
183,213
183,214
183,216
183,217
183,218
183,219
183,223
183,235
183,236
183,237
183,238
183,239
183,243
183,256
183,257
183,258
183,288
183,290
183,299
183,302
183,307
183,311
183,312
183,314
183,315
183,319
183,320
183,321
183,323
183,324
183,326
183,328
183,331
183,333
183,334
183,335
183,339
183,340
183,345
183,354
183,364
183,365
183,366
183,371
183,372
183,373
183,390
183,394
183,396
183,402
183,416
183,421
183,684
184,12
184,16
184,20
184,41
184,48
184,55
184,56
184,57
184,64
184,65
184,67
184,68
184,83
184,84
184,87
184,101
184,104
184,105
184,112
184,140
184,166
184,189
184,196
184,218
184,307
184,354
185,16
185,41
185,52
185,53
185,56
185,64
185,66
185,67
185,83
185,84
185,87
185,112
185,154
185,165
185,218
185,354
186,84
186,87
186,135
186,140
186,154
186,171
186,182
186,196
187,0
187,11
187,16
187,17
187,19
187,41
187,42
187,43
187,48
187,52
187,53
187,55
187,56
187,59
187,63
187,67
187,70
187,87
187,91
187,94
187,101
187,103
187,105
187,120
187,142
187,143
187,148
187,165
187,167
187,178
187,184
187,186
187,199
187,200
187,207
187,210
187,218
187,233
187,305
187,307
187,308
187,314
187,324
187,335
187,336
187,376
187,396
187,402
187,683
188,0
188,16
188,41
188,48
188,53
188,63
188,67
188,94
188,112
188,124
188,131
188,135
188,146
188,154
188,159
188,171
188,184
188,186
188,189
188,190
188,200
188,206
188,210
188,225
188,236
188,290
188,319
188,371
188,416
189,16
189,21
189,41
189,56
189,57
189,84
189,87
189,142
189,155
189,190
189,216
189,218
190,0
190,1
190,2
190,3
190,4
190,5
190,6
190,11
190,12
190,13
190,14
190,15
190,16
190,17
190,18
190,21
190,41
190,48
190,53
190,54
190,55
190,56
190,57
190,64
190,65
190,66
190,71
190,72
190,74
190,83
190,84
190,87
190,101
190,104
190,112
190,124
190,127
190,131
190,132
190,135
190,139
190,140
190,141
190,147
190,154
190,155
190,157
190,159
190,161
190,163
190,164
190,166
190,171
190,175
190,182
190,183
190,184
190,186
190,189
190,191
190,193
190,196
190,197
190,199
190,200
190,206
190,208
190,214
190,216
190,217
190,218
190,219
190,235
190,236
190,237
190,238
190,239
190,243
190,256
190,257
190,258
190,288
190,290
190,299
190,306
190,307
190,311
190,312
190,315
190,326
190,328
190,333
190,334
190,340
190,345
190,354
190,364
190,375
190,421
190,683
190,684
191,1
191,16
191,18
191,21
191,41
191,48
191,53
191,56
191,57
191,63
191,74
191,116
191,140
191,141
191,153
191,157
191,159
191,179
191,186
191,189
191,218
191,307
191,684
192,41
192,57
192,84
192,87
192,105
192,112
192,135
192,154
192,171
192,184
192,200
192,206
192,208
192,223
192,236
192,239
192,256
192,288
192,290
192,311
192,314
192,315
192,364
192,371
193,11
193,16
193,17
193,20
193,41
193,48
193,56
193,73
193,87
193,159
193,163
193,186
193,189
193,216
193,218
193,306
193,307
193,684
194,0
194,53
194,84
194,87
194,112
194,132
194,140
194,154
194,171
194,184
194,189
194,196
194,199
194,200
194,206
194,217
194,219
194,235
194,236
194,239
194,288
194,290
194,299
194,311
194,315
194,333
195,53
195,84
195,87
195,94
195,171
195,174
195,182
195,184
195,199
195,243
195,319
196,0
196,20
196,41
196,53
196,57
196,84
196,87
196,112
196,135
196,154
196,171
196,186
196,200
196,216
196,218
196,236
197,41
197,57
197,84
197,87
197,112
197,131
197,135
197,154
197,174
197,182
197,183
197,184
197,199
197,206
197,219
197,223
197,236
197,237
197,243
197,256
197,319
197,326
197,339
197,340
197,345
197,364
197,371
198,3
198,4
198,11
198,41
198,84
198,91
198,124
198,152
198,189
198,190
198,324
198,683
198,684
199,0
199,21
199,41
199,53
199,67
199,85
199,132
199,143
199,148
199,165
199,306
199,307
200,0
200,57
200,84
200,87
200,112
200,135
200,140
200,154
200,184
200,193
200,196
200,197
200,200
200,206
200,219
200,236
200,239
200,256
200,288
200,311
201,0
201,43
201,53
201,87
201,112
201,132
201,135
201,140
201,154
201,166
201,171
201,175
201,184
201,196
201,200
201,206
201,216
201,217
201,218
201,219
201,235
201,236
201,239
201,288
201,290
201,314
202,1
202,10
202,14
202,21
202,53
202,56
202,63
202,87
202,120
202,157
202,159
202,189
202,190
202,243
202,324
202,339
202,345
203,0
203,11
203,17
203,53
203,57
203,72
203,83
203,87
203,112
203,132
203,135
203,154
203,184
203,200
203,307
204,54
204,84
204,87
204,112
204,135
204,154
204,161
204,171
204,184
204,200
204,206
204,236
204,239
204,256
204,288
204,290
204,299
204,315
204,323
204,364
204,365
205,41
205,48
205,73
205,74
205,84
205,112
205,135
205,154
205,155
205,184
205,200
205,206
205,243
205,256
205,307
206,0
206,21
206,53
206,127
206,132
206,141
206,153
206,159
206,163
206,168
206,186
206,189
206,684
207,0
207,16
207,18
207,20
207,21
207,53
207,66
207,67
207,87
207,94
207,132
207,157
207,165
207,186
207,210
207,235
207,307
207,684
208,0
208,20
208,41
208,53
208,87
208,94
208,112
208,132
208,135
208,157
208,174
208,199
208,206
208,236
209,0
209,1
209,2
209,3
209,13
209,14
209,15
209,16
209,17
209,20
209,21
209,41
209,48
209,53
209,54
209,57
209,65
209,66
209,67
209,74
209,84
209,87
209,101
209,112
209,135
209,140
209,143
209,154
209,157
209,165
209,166
209,171
209,183
209,184
209,186
209,196
209,200
209,206
209,216
209,218
209,236
209,239
209,256
209,288
209,290
209,306
209,307
209,309
209,311
209,315
209,321
209,325
209,339
209,354
209,371
209,372
209,408
210,0
210,20
210,21
210,41
210,53
210,54
210,55
210,57
210,84
210,87
210,94
210,105
210,112
210,120
210,132
210,135
210,140
210,148
210,154
210,171
210,174
210,175
210,183
210,184
210,196
210,197
210,199
210,200
210,206
210,216
210,217
210,219
210,223
210,235
210,236
210,237
210,239
210,256
210,288
210,290
210,311
210,312
210,314
210,315
210,326
210,340
210,364
210,371
211,16
211,41
211,53
211,66
211,67
211,74
211,101
211,104
211,105
211,112
211,135
211,140
211,155
211,161
211,184
211,213
211,216
211,218
211,236
211,237
211,238
211,239
211,243
211,256
211,290
211,307
211,333
211,371
212,0
212,17
212,41
212,53
212,57
212,84
212,87
212,101
212,132
212,135
212,184
212,200
212,206
212,307
213,0
213,21
213,41
213,52
213,53
213,54
213,56
213,84
213,87
213,132
213,135
213,140
213,216
213,218
213,307
214,0
214,14
214,15
214,243
214,324
214,325
214,339
214,345
214,684
215,0
215,53
215,57
215,66
215,83
215,84
215,87
215,112
215,135
215,140
215,196
215,197
215,206
215,216
215,218
215,256
215,333
216,41
216,53
216,83
216,84
216,87
216,112
216,132
216,135
216,154
216,171
216,184
216,200
216,206
216,236
216,239
216,243
216,256
216,288
216,290
216,311
216,315
216,364
216,371
217,0
217,41
217,54
217,55
217,56
217,57
217,63
217,64
217,65
217,66
217,83
217,84
217,87
217,104
217,105
217,112
217,132
217,135
217,140
217,143
217,148
217,154
217,155
217,166
217,171
217,175
217,176
217,184
217,197
217,200
217,206
217,236
217,238
217,239
217,256
217,288
217,290
217,307
217,311
217,315
217,334
217,354
217,364
217,371
218,16
218,41
218,56
218,57
218,64
218,65
218,83
218,84
218,159
218,216
218,218
218,307
219,4
219,11
219,12
219,41
219,87
219,124
219,189
219,190
219,306
219,324
220,0
220,41
220,53
220,64
220,74
220,84
220,87
220,104
220,112
220,132
220,135
220,184
220,206
220,216
220,218
220,239
221,56
221,84
221,87
221,131
221,200
221,206
221,216
221,218
221,299
221,307
222,11
222,16
222,17
222,41
222,56
222,69
222,71
222,190
222,307
223,0
223,11
223,19
223,41
223,53
223,57
223,132
223,140
223,171
223,184
223,206
223,238
224,0
224,20
224,41
224,53
224,57
224,64
224,67
224,72
224,83
224,84
224,87
224,94
224,112
224,132
224,135
224,140
224,146
224,154
224,157
224,166
224,171
224,174
224,175
224,182
224,183
224,184
224,196
224,197
224,199
224,200
224,206
224,208
224,214
224,217
224,219
224,223
224,235
224,236
224,237
224,238
224,239
224,243
224,256
224,257
224,288
224,290
224,299
224,311
224,314
224,315
224,319
224,323
224,326
224,328
224,333
224,334
224,339
224,340
224,345
224,364
224,365
224,371
224,390
225,0
225,16
225,41
225,52
225,53
225,94
225,101
225,132
225,174
225,183
225,197
225,237
225,326
225,340
226,15
226,41
226,140
226,141
226,166
226,175
226,196
226,208
226,216
226,217
226,218
226,219
226,235
226,238
226,314
227,0
227,20
227,41
227,53
227,54
227,55
227,57
227,83
227,84
227,87
227,94
227,105
227,112
227,132
227,135
227,140
227,143
227,146
227,148
227,154
227,159
227,166
227,171
227,174
227,175
227,182
227,183
227,184
227,193
227,196
227,197
227,199
227,200
227,206
227,208
227,213
227,217
227,219
227,235
227,236
227,237
227,238
227,239
227,243
227,256
227,257
227,258
227,288
227,290
227,299
227,311
227,314
227,315
227,319
227,321
227,323
227,326
227,328
227,333
227,334
227,339
227,340
227,345
227,364
227,365
227,371
227,390
227,683
228,0
228,20
228,41
228,53
228,54
228,55
228,57
228,83
228,84
228,87
228,94
228,105
228,112
228,132
228,135
228,140
228,143
228,146
228,148
228,154
228,159
228,166
228,171
228,174
228,175
228,182
228,183
228,184
228,193
228,196
228,197
228,199
228,200
228,206
228,208
228,213
228,217
228,219
228,235
228,236
228,237
228,238
228,239
228,243
228,256
228,257
228,258
228,288
228,290
228,299
228,311
228,314
228,315
228,319
228,321
228,323
228,326
228,328
228,333
228,334
228,339
228,340
228,345
228,364
228,365
228,371
228,390
228,683
229,0
229,18
229,41
229,53
229,84
229,87
229,112
229,132
229,154
229,166
229,171
229,184
229,200
229,206
229,236
229,239
229,288
229,290
230,53
230,56
230,84
230,87
230,112
230,132
230,140
230,154
230,175
230,196
230,207
231,0
231,53
231,57
231,84
231,87
231,112
231,135
231,154
231,171
231,196
231,200
231,206
231,234
231,235
231,239
231,288
231,315
231,371
231,394
232,0
232,16
232,21
232,41
232,48
232,52
232,53
232,54
232,55
232,57
232,63
232,64
232,65
232,66
232,67
232,69
232,73
232,74
232,83
232,84
232,87
232,93
232,101
232,104
232,105
232,112
232,121
232,132
232,135
232,140
232,143
232,148
232,154
232,159
232,163
232,165
232,166
232,171
232,175
232,182
232,183
232,184
232,186
232,196
232,197
232,199
232,200
232,206
232,208
232,210
232,213
232,216
232,217
232,218
232,219
232,223
232,235
232,236
232,238
232,239
232,243
232,256
232,288
232,307
232,311
232,312
232,315
232,321
232,333
232,354
232,371
232,684
233,0
233,16
233,48
233,53
233,55
233,56
233,57
233,63
233,65
233,72
233,74
233,83
233,84
233,87
233,91
233,101
233,105
233,112
233,120
233,132
233,135
233,140
233,154
233,157
233,159
233,166
233,171
233,186
233,196
233,216
233,217
233,218
233,307
234,16
234,41
234,64
234,65
234,87
234,135
234,140
234,171
234,182
234,196
234,219
235,0
235,41
235,48
235,53
235,84
235,87
235,132
235,183
235,196
235,235
235,237
235,307
235,311
235,315
235,326
235,333
235,340
236,0
236,1
236,10
236,14
236,15
236,41
236,52
236,53
236,54
236,55
236,57
236,63
236,64
236,66
236,67
236,70
236,71
236,73
236,82
236,83
236,84
236,87
236,94
236,105
236,112
236,132
236,135
236,140
236,143
236,146
236,148
236,154
236,155
236,157
236,165
236,166
236,168
236,171
236,174
236,175
236,176
236,183
236,184
236,193
236,196
236,197
236,199
236,200
236,206
236,207
236,208
236,210
236,213
236,216
236,217
236,218
236,219
236,223
236,234
236,235
236,236
236,237
236,238
236,239
236,243
236,256
236,257
236,288
236,290
236,299
236,306
236,311
236,312
236,314
236,315
236,321
236,323
236,326
236,333
236,339
236,340
236,345
236,364
236,365
236,371
236,394
237,53
237,84
237,87
237,94
237,112
237,135
237,154
237,166
237,171
237,174
237,182
237,183
237,184
237,199
237,206
237,208
237,237
237,238
237,243
237,256
237,315
237,319
237,326
237,339
237,340
237,345
237,364
237,371
238,0
238,41
238,53
238,56
238,74
238,84
238,112
238,200
238,206
238,256
238,306
238,307
239,0
239,21
239,41
239,48
239,52
239,53
239,55
239,56
239,67
239,87
239,132
239,135
239,216
239,218
239,307
239,324
239,325
240,11
240,41
240,53
240,87
240,101
240,135
240,140
240,184
240,196
240,200
240,206
240,217
240,307
241,0
241,16
241,20
241,41
241,53
241,54
241,56
241,57
241,65
241,66
241,67
241,68
241,69
241,71
241,72
241,83
241,84
241,87
241,94
241,104
241,105
241,112
241,132
241,135
241,140
241,143
241,146
241,148
241,154
241,155
241,157
241,165
241,166
241,171
241,174
241,175
241,182
241,183
241,184
241,189
241,193
241,196
241,197
241,199
241,200
241,201
241,206
241,208
241,213
241,214
241,216
241,217
241,219
241,223
241,235
241,236
241,237
241,238
241,239
241,243
241,256
241,257
241,258
241,288
241,290
241,299
241,302
241,311
241,312
241,314
241,315
241,319
241,321
241,323
241,326
241,328
241,331
241,333
241,334
241,335
241,339
241,340
241,345
241,364
241,365
241,371
241,375
241,390
241,394
241,395
241,396
241,402
241,403
241,407
241,408
241,409
241,416
241,421
241,433
242,53
242,87
242,112
242,120
242,135
242,140
242,154
242,166
242,175
242,184
242,196
242,208
242,219
243,0
243,41
243,57
243,87
243,112
243,132
243,135
243,154
243,166
244,0
244,3
244,10
244,13
244,14
244,20
244,41
244,43
244,47
244,54
244,64
244,68
244,83
244,84
244,88
244,104
244,131
244,141
244,153
244,159
244,186
244,189
244,209
244,216
244,218
244,307
244,322
244,354
244,684
245,0
245,11
245,17
245,41
245,48
245,52
245,53
245,55
245,57
245,64
245,65
245,66
245,67
245,74
245,83
245,84
245,87
245,112
245,132
245,135
245,154
245,165
245,171
245,183
245,184
245,193
245,200
245,206
245,210
245,216
245,218
245,236
245,237
245,239
245,256
245,290
245,307
245,315
245,364
246,0
246,11
246,15
246,41
246,43
246,53
246,57
246,64
246,84
246,91
246,104
246,132
246,140
246,143
246,148
246,155
246,159
246,186
246,190
246,216
246,217
246,218
246,306
246,683
247,1
247,10
247,16
247,17
247,127
247,141
247,153
247,163
247,189
247,684
248,0
248,16
248,20
248,47
248,53
248,54
248,56
248,57
248,83
248,84
248,87
248,104
248,105
248,112
248,132
248,135
248,140
248,152
248,154
248,166
248,171
248,174
248,183
248,184
248,186
248,189
248,197
248,200
248,206
248,223
248,236
248,237
248,239
248,256
248,288
248,290
248,311
248,315
248,319
248,321
248,333
248,339
248,364
248,371
248,390
248,416
249,47
249,56
249,63
249,66
249,67
249,105
249,131
249,140
249,165
249,182
249,197
249,218
249,233
249,319
250,0
250,1
250,10
250,41
250,53
250,68
250,84
250,87
250,219
250,310
250,325
251,0
251,20
251,53
251,57
251,83
251,84
251,87
251,94
251,112
251,132
251,135
251,140
251,154
251,171
251,184
251,189
251,199
251,206
251,219
251,239
251,256
251,288
251,290
251,311
251,315
251,333
251,334
251,371
252,0
252,11
252,15
252,41
252,57
252,84
252,87
252,101
252,112
252,135
252,171
252,184
252,216
252,218
252,239
252,256
252,290
253,0
253,53
253,54
253,84
253,94
253,112
253,132
253,135
253,154
253,171
253,174
253,184
253,199
253,200
253,206
253,208
253,236
253,239
253,243
253,256
253,288
253,290
253,299
253,311
253,315
253,323
253,339
253,345
253,364
253,365
254,0
254,41
254,53
254,55
254,57
254,64
254,65
254,67
254,84
254,87
254,91
254,101
254,104
254,112
254,132
254,135
254,171
254,183
254,197
254,200
254,206
254,236
254,256
254,290
254,335
255,0
255,15
255,17
255,21
255,41
255,53
255,57
255,66
255,67
255,74
255,83
255,84
255,87
255,101
255,105
255,112
255,132
255,135
255,140
255,146
255,148
255,154
255,165
255,166
255,171
255,174
255,175
255,182
255,184
255,196
255,197
255,199
255,200
255,206
255,208
255,217
255,218
255,219
255,224
255,235
255,236
255,237
255,238
255,239
255,256
255,258
255,288
255,290
255,299
255,307
255,311
255,314
255,315
255,323
255,328
255,339
255,365
255,371
255,683
256,11
256,16
256,21
256,66
256,67
256,101
256,152
256,156
256,186
256,190
256,216
256,218
256,311
256,684
257,0
257,1
257,10
257,15
257,20
257,41
257,43
257,48
257,52
257,53
257,54
257,57
257,64
257,65
257,66
257,67
257,74
257,83
257,84
257,87
257,101
257,104
257,105
257,112
257,121
257,132
257,135
257,143
257,148
257,154
257,155
257,159
257,165
257,166
257,171
257,184
257,200
257,206
257,207
257,213
257,216
257,218
257,236
257,256
257,257
257,288
257,290
257,307
257,311
257,324
257,345
257,684
258,1
258,10
258,14
258,84
258,87
258,101
258,112
258,135
258,154
258,171
258,184
258,200
258,206
258,256
259,0
259,11
259,16
259,17
259,20
259,48
259,53
259,54
259,68
259,69
259,71
259,74
259,87
259,94
259,160
259,174
259,186
259,189
259,190
259,214
259,256
259,299
259,307
259,683
260,41
260,53
260,56
260,84
260,87
260,112
260,135
260,175
260,182
260,184
260,186
260,206
260,243
260,319
260,326
260,339
260,345
260,371
261,1
261,4
261,10
261,11
261,14
261,15
261,17
261,84
261,87
261,101
261,120
261,135
261,159
261,186
261,216
261,218
261,256
261,306
261,324
261,325
262,0
262,17
262,41
262,57
262,83
262,84
262,87
262,94
262,112
262,135
262,140
262,154
262,171
262,175
262,184
262,197
262,199
262,200
262,206
262,218
262,223
262,236
262,239
262,256
262,288
262,290
262,307
262,311
262,312
262,315
262,364
262,371
263,1
263,3
263,15
263,84
263,117
263,156
263,159
263,216
263,218
263,306
263,307
263,325
263,684
264,0
264,20
264,41
264,83
264,84
264,112
264,132
264,135
264,140
264,154
264,166
264,171
264,175
264,182
264,186
265,0
265,41
265,53
265,57
265,84
265,87
265,112
265,140
265,154
265,184
265,196
265,256
266,16
266,21
266,141
266,153
266,159
266,186
266,189
266,190
266,218
266,324
266,325
267,0
267,1
267,10
267,14
267,21
267,53
267,132
267,168
267,184
267,218
268,0
268,12
268,14
268,16
268,20
268,41
268,43
268,53
268,57
268,146
268,159
268,186
268,190
268,218
268,256
268,307
268,324
268,325
269,1
269,14
269,41
269,43
269,120
269,218
269,324
269,325
270,0
270,1
270,13
270,15
270,16
270,21
270,41
270,55
270,127
270,132
270,153
270,159
270,163
270,306
270,324
270,325
270,684
271,0
271,53
271,56
271,57
271,84
271,87
271,112
271,132
271,135
271,140
271,154
271,166
271,175
271,196
271,206
271,208
271,216
271,217
271,256
271,311
271,315
272,1
272,10
272,11
272,14
272,15
272,17
272,21
272,41
272,52
272,91
272,101
272,113
272,127
272,128
272,130
272,137
272,153
272,159
272,186
272,189
272,190
272,306
272,307
272,324
272,325
272,684
273,53
273,54
273,84
273,87
273,112
273,135
273,154
273,168
273,171
273,184
273,200
273,206
273,216
273,218
273,236
273,239
273,256
273,288
273,290
273,311
273,312
273,315
273,364
273,371
274,11
274,15
274,19
274,41
274,52
274,141
274,159
274,163
274,186
274,190
274,216
274,306
274,307
274,324
274,684
275,1
275,16
275,17
275,21
275,41
275,48
275,52
275,53
275,56
275,63
275,73
275,101
275,141
275,152
275,153
275,156
275,159
275,168
275,184
275,189
275,190
275,304
275,307
275,325
275,684
276,41
276,48
276,53
276,146
276,159
276,171
276,189
276,319
276,684
277,0
277,53
277,71
277,87
277,112
277,132
277,135
277,154
277,157
277,171
277,184
277,200
277,206
277,236
277,239
277,258
277,288
277,290
277,334
277,390
278,0
278,41
278,43
278,53
278,67
278,84
278,87
278,112
278,132
278,135
278,140
278,146
278,154
278,166
278,182
278,183
278,184
278,186
278,195
278,196
278,200
278,206
278,208
278,214
278,217
278,218
278,219
278,235
278,237
278,288
278,302
278,307
278,319
278,325
278,326
278,339
278,340
278,345
278,371
279,0
279,20
279,53
279,84
279,132
279,135
279,171
279,182
279,183
279,184
279,189
279,236
279,237
279,239
279,243
279,256
279,299
279,311
279,315
279,319
279,323
279,326
279,339
279,340
279,345
279,364
279,365
280,17
280,20
280,41
280,53
280,132
280,159
280,175
280,184
280,186
280,236
280,307
280,324
280,325
280,683
281,16
281,21
281,41
281,55
281,56
281,57
281,64
281,65
281,66
281,67
281,83
281,84
281,93
281,105
281,121
281,132
281,146
281,154
281,165
281,171
281,182
281,184
281,354
282,0
282,53
282,57
282,84
282,87
282,112
282,132
282,135
282,140
282,154
282,166
282,175
282,184
282,196
282,208
282,217
282,256
283,0
283,53
283,57
283,65
283,66
283,83
283,84
283,87
283,112
283,135
283,140
283,143
283,154
283,165
283,171
283,175
283,182
283,184
283,193
283,196
283,200
283,206
283,208
283,217
283,219
283,236
283,239
283,288
283,290
284,0
284,16
284,17
284,41
284,48
284,53
284,54
284,55
284,56
284,57
284,64
284,65
284,67
284,72
284,83
284,84
284,87
284,93
284,112
284,131
284,132
284,135
284,154
284,155
284,159
284,166
284,171
284,175
284,182
284,184
284,186
284,190
284,196
284,200
284,201
284,216
284,218
284,235
284,236
284,256
284,288
284,307
284,315
285,0
285,41
285,53
285,54
285,57
285,83
285,84
285,87
285,94
285,112
285,132
285,135
285,140
285,155
285,166
285,171
285,174
285,175
285,182
285,183
285,184
285,196
285,197
285,199
285,200
285,201
285,206
285,208
285,217
285,219
285,235
285,236
285,237
285,238
285,243
285,256
285,288
285,290
285,299
285,312
285,314
285,319
285,323
285,326
285,333
285,340
285,354
285,364
285,371
285,394
286,16
286,21
286,41
286,43
286,48
286,55
286,56
286,57
286,64
286,65
286,66
286,67
286,84
286,87
286,105
286,112
286,140
286,143
286,148
286,154
286,165
286,166
286,171
286,175
286,182
286,184
286,196
286,200
286,206
286,208
286,210
286,216
286,217
286,218
286,219
286,235
286,238
286,243
286,256
286,307
286,315
286,354
287,0
287,53
287,56
287,72
287,83
287,87
287,112
287,132
287,135
287,154
287,166
287,175
288,0
288,41
288,57
288,83
288,84
288,135
288,171
288,206
288,256
288,371
289,0
289,53
289,57
289,87
289,112
289,175
289,186
289,189
289,190
289,200
289,235
289,236
290,1
290,10
290,14
290,41
290,57
290,74
290,84
290,87
290,105
290,135
290,154
290,182
290,183
290,184
290,200
290,208
290,218
290,236
290,237
290,239
290,256
290,319
290,323
290,324
290,340
290,365
291,1
291,10
291,14
291,130
291,159
291,186
291,234
291,324
291,354
292,1
292,10
292,14
292,130
292,159
292,186
292,234
292,324
292,354
293,16
293,41
293,53
293,70
293,159
293,163
293,186
293,307
294,0
294,53
294,84
294,112
294,154
294,196
294,200
294,235
295,1
295,10
295,14
295,20
295,21
295,47
295,55
295,56
295,63
295,104
295,141
295,153
295,159
295,324
295,325
295,684
296,1
296,10
296,12
296,14
296,15
296,17
296,41
296,47
296,190
296,216
296,218
296,306
296,324
296,325
297,1
297,10
297,11
297,14
297,15
297,16
297,21
297,41
297,53
297,55
297,56
297,57
297,64
297,65
297,67
297,82
297,83
297,87
297,93
297,112
297,135
297,140
297,159
297,189
297,216
297,306
297,354
298,21
298,41
298,87
298,141
298,157
298,159
298,186
298,189
298,243
298,309
298,683
299,0
299,1
299,16
299,20
299,41
299,53
299,55
299,56
299,57
299,83
299,87
299,94
299,101
299,132
299,135
299,171
299,174
299,184
299,189
299,199
299,206
299,209
299,216
299,218
299,236
299,288
299,290
300,0
300,53
300,94
300,132
300,174
300,183
300,199
300,237
300,326
300,340
301,84
301,87
301,112
301,135
301,154
301,171
301,183
301,184
301,200
301,206
301,237
301,239
301,256
301,288
301,290
301,299
301,311
301,315
301,323
301,326
301,335
301,340
301,364
301,365
301,371
302,0
302,41
302,52
302,53
302,56
302,72
302,83
302,84
302,87
302,112
302,120
302,132
302,135
302,140
302,154
302,163
302,166
302,171
302,184
302,196
302,200
302,206
302,214
302,217
302,219
302,235
302,236
302,238
302,239
302,243
302,288
302,290
302,328
302,354
302,683
303,0
303,53
303,83
303,84
303,87
303,112
303,132
303,135
303,154
303,171
303,174
303,175
303,183
303,184
303,196
303,200
303,206
303,208
303,219
303,236
303,237
303,239
303,288
303,290
303,315
303,326
303,340
304,11
304,16
304,41
304,141
304,159
304,186
304,190
304,216
304,218
304,307
305,0
305,41
305,53
305,84
305,87
305,132
305,135
305,154
305,166
305,171
305,174
305,183
305,197
305,200
305,206
305,208
305,237
305,238
305,239
305,288
305,326
305,340
305,371
306,0
306,15
306,16
306,41
306,53
306,94
306,132
306,174
306,183
306,199
306,237
306,326
306,340
307,0
307,41
307,53
307,57
307,83
307,84
307,87
307,104
307,112
307,132
307,135
307,140
307,154
307,161
307,166
307,171
307,175
307,183
307,184
307,196
307,200
307,206
307,208
307,235
307,236
307,239
307,243
307,256
307,288
307,290
307,307
307,311
307,315
307,328
307,339
307,345
307,364
307,371
308,12
308,16
308,43
308,47
308,48
308,52
308,55
308,101
308,121
308,216
308,218
309,0
309,15
309,41
309,53
309,57
309,83
309,84
309,87
309,112
309,132
309,135
309,140
309,154
309,171
309,175
309,184
309,196
309,200
309,206
309,236
309,256
309,290
309,306
309,307
309,325
310,0
310,53
310,57
310,83
310,84
310,87
310,112
310,135
310,154
310,159
310,171
310,184
310,200
310,206
310,223
310,236
310,239
310,256
310,290
310,311
310,312
310,315
310,364
310,371
311,84
311,87
311,112
311,135
311,154
311,166
311,171
311,175
311,184
311,196
311,200
311,243
311,256
312,0
312,1
312,16
312,41
312,48
312,54
312,56
312,57
312,63
312,64
312,65
312,66
312,67
312,73
312,74
312,84
312,87
312,101
312,104
312,105
312,131
312,132
312,135
312,140
312,147
312,155
312,165
312,166
312,168
312,175
312,182
312,183
312,196
312,200
312,206
312,208
312,216
312,217
312,218
312,219
312,235
312,238
312,243
312,256
312,307
312,315
312,354
312,684
313,0
313,20
313,41
313,53
313,54
313,57
313,83
313,84
313,87
313,94
313,112
313,121
313,132
313,135
313,140
313,154
313,171
313,174
313,175
313,182
313,183
313,184
313,196
313,197
313,199
313,200
313,206
313,208
313,210
313,216
313,217
313,219
313,235
313,236
313,237
313,238
313,239
313,256
313,288
313,290
313,307
313,311
313,315
313,319
313,326
313,328
313,333
313,334
313,340
313,364
313,371
313,416
314,11
314,41
314,107
314,108
314,113
314,116
314,120
314,130
314,133
314,134
314,136
314,137
314,141
314,186
314,189
314,190
314,209
314,307
314,324
314,354
314,684
315,0
315,41
315,52
315,53
315,57
315,83
315,84
315,87
315,112
315,135
315,154
315,155
315,171
315,183
315,184
315,186
315,200
315,206
315,216
315,218
315,236
315,237
315,239
315,256
315,288
315,290
315,315
315,326
315,340
316,0
316,41
316,53
316,54
316,56
316,63
316,64
316,65
316,66
316,67
316,84
316,87
316,105
316,112
316,132
316,135
316,140
316,143
316,148
316,154
316,155
316,161
316,162
316,165
316,166
316,171
316,175
316,182
316,184
316,196
316,197
316,200
316,201
316,206
316,208
316,213
316,216
316,217
316,218
316,219
316,235
316,236
316,238
316,243
316,256
316,257
316,290
316,311
316,315
316,319
316,339
316,345
316,364
317,52
317,101
317,141
317,159
317,216
317,218
317,304
318,0
318,16
318,21
318,53
318,94
318,112
318,168
318,683
319,15
319,159
319,308
319,324
319,325
319,684
320,1
320,4
320,6
320,11
320,14
320,15
320,19
320,41
320,124
320,141
320,153
320,159
320,307
320,684
321,0
321,20
321,21
321,53
321,56
321,112
321,132
321,141
321,153
321,154
321,157
321,159
321,171
321,184
321,186
321,189
321,190
321,200
321,206
321,236
321,239
321,243
321,288
321,290
321,299
321,324
321,684
322,0
322,16
322,41
322,48
322,53
322,54
322,55
322,56
322,57
322,64
322,66
322,67
322,73
322,74
322,83
322,87
322,101
322,105
322,112
322,135
322,140
322,154
322,163
322,165
322,166
322,168
322,171
322,175
322,182
322,184
322,196
322,197
322,199
322,200
322,206
322,216
322,218
322,219
322,235
322,239
322,243
322,256
322,288
322,307
322,354
322,684
323,41
323,43
323,48
323,54
323,64
323,65
323,66
323,67
323,73
323,74
323,84
323,101
323,104
323,105
323,112
323,135
323,140
323,143
323,148
323,154
323,155
323,160
323,165
323,166
323,171
323,175
323,182
323,183
323,184
323,196
323,197
323,200
323,206
323,208
323,216
323,217
323,218
323,219
323,235
323,236
323,237
323,238
323,239
323,243
323,256
323,288
323,290
323,307
323,311
323,312
323,315
323,319
323,326
323,340
323,364
323,683
324,13
324,57
324,84
324,87
324,135
324,206
324,216
324,218
324,288
325,41
325,57
325,66
325,67
325,84
325,87
325,112
325,135
325,140
325,154
325,165
325,166
325,171
325,175
325,182
325,184
325,196
325,200
325,206
325,208
325,217
325,219
325,235
325,236
325,238
325,239
325,243
325,256
325,288
325,290
325,311
325,315
325,364
325,371
326,0
326,21
326,41
326,53
326,56
326,57
326,84
326,87
326,132
326,135
326,140
326,147
326,155
326,159
326,175
326,182
326,186
326,196
326,216
326,218
327,84
327,87
327,112
327,135
327,154
327,171
327,184
327,196
327,200
327,206
327,235
327,256
327,364
328,0
328,21
328,94
328,159
328,175
328,182
328,186
328,189
328,208
328,235
328,237
328,243
328,314
328,319
328,339
328,345
328,371
329,41
329,68
329,69
329,74
329,84
329,87
329,112
329,135
329,154
329,171
329,200
329,206
329,236
329,239
329,256
329,288
329,290
329,307
329,315
329,364
330,16
330,17
330,21
330,41
330,87
330,141
330,159
330,186
330,189
330,190
330,218
330,307
330,324
330,683
330,684
331,16
331,21
331,163
331,172
331,189
331,207
331,209
331,322
331,684
332,15
332,16
332,41
332,48
332,54
332,55
332,56
332,57
332,67
332,84
332,87
332,101
332,159
332,216
332,218
332,307
333,1
333,10
333,14
333,84
333,87
333,135
333,184
333,200
333,218
333,237
334,0
334,20
334,41
334,53
334,57
334,71
334,83
334,84
334,87
334,112
334,132
334,135
334,140
334,154
334,171
334,175
334,182
334,184
334,196
334,200
334,206
334,208
334,219
334,235
334,236
334,239
334,307
334,311
334,364
334,371
335,21
335,41
335,53
335,84
335,87
335,112
335,132
335,140
335,171
335,184
335,186
335,196
335,200
335,206
335,219
335,235
335,238
335,256
335,307
335,314
335,323
336,0
336,53
336,87
336,112
336,132
336,135
336,154
336,159
336,196
336,235
337,1
337,12
337,43
337,159
337,216
337,218
337,354
337,683
337,684
338,0
338,20
338,53
338,84
338,87
338,112
338,132
338,140
338,154
338,171
338,175
338,182
338,184
338,196
338,200
338,206
338,208
338,217
338,219
338,235
338,236
338,239
338,256
338,288
338,290
338,311
338,315
338,333
338,334
339,0
339,18
339,41
339,56
339,74
339,112
339,135
339,154
339,159
339,171
339,183
339,184
339,200
339,206
339,236
339,237
339,239
339,288
339,290
339,307
339,326
339,340
340,0
340,16
340,21
340,41
340,87
340,132
340,159
340,189
340,218
340,239
340,684
341,0
341,16
341,53
341,56
341,57
341,67
341,83
341,87
341,112
341,135
341,154
341,184
341,186
342,41
342,57
342,64
342,84
342,87
342,101
342,112
342,135
342,154
342,200
342,216
342,218
342,307
343,84
343,87
343,216
343,218
343,324
343,325
344,41
344,53
344,55
344,57
344,66
344,67
344,72
344,84
344,87
344,105
344,112
344,114
344,118
344,121
344,126
344,128
344,132
344,134
344,135
344,136
344,137
344,138
344,140
344,141
344,154
344,159
344,165
344,166
344,171
344,175
344,182
344,196
344,200
344,218
344,307
344,683
344,684
345,0
345,11
345,41
345,48
345,53
345,83
345,84
345,87
345,101
345,112
345,132
345,135
345,166
345,196
345,683
346,112
346,154
346,171
346,183
346,184
346,200
346,206
346,236
346,237
346,239
346,256
346,288
346,290
346,299
346,323
346,326
346,340
346,365
347,41
347,57
347,83
347,84
347,87
347,175
347,184
347,219
347,235
348,0
348,53
348,83
348,87
348,112
348,135
348,154
348,175
348,243
349,11
349,15
349,16
349,18
349,19
349,21
349,74
349,141
349,186
349,216
349,218
349,307
349,684
350,1
350,14
350,15
350,16
350,216
350,218
350,306
350,324
350,325
351,11
351,21
351,41
351,141
351,159
351,189
351,190
351,306
351,684
352,16
352,20
352,21
352,41
352,87
352,112
352,135
352,154
352,171
352,186
352,200
352,206
352,239
352,243
352,288
353,16
353,74
353,189
353,216
353,218
353,307
354,0
354,53
354,57
354,83
354,87
354,154
354,171
355,0
355,53
355,84
355,132
355,140
355,206
355,217
355,219
355,239
356,0
356,16
356,41
356,48
356,53
356,55
356,57
356,67
356,87
356,112
356,121
356,132
356,135
356,154
356,166
356,171
356,182
356,184
356,200
356,208
357,0
357,16
357,41
357,48
357,53
357,55
357,56
357,57
357,63
357,64
357,65
357,66
357,67
357,73
357,74
357,83
357,84
357,87
357,93
357,101
357,104
357,105
357,112
357,121
357,131
357,132
357,135
357,140
357,143
357,147
357,148
357,154
357,155
357,161
357,165
357,166
357,168
357,171
357,175
357,182
357,183
357,184
357,196
357,197
357,200
357,201
357,206
357,208
357,213
357,217
357,219
357,235
357,236
357,237
357,238
357,239
357,243
357,256
357,257
357,258
357,288
357,290
357,299
357,307
357,354
358,0
358,53
358,56
358,57
358,72
358,83
358,84
358,87
358,112
358,132
358,135
358,154
358,166
358,171
358,175
358,186
358,189
358,190
358,196
358,684
359,0
359,53
359,83
359,87
359,112
359,132
359,135
359,140
359,154
359,175
359,196
359,217
359,219
360,0
360,84
360,87
360,132
360,135
360,175
360,196
360,256
361,0
361,53
361,87
361,112
361,132
361,135
361,154
362,0
362,53
362,87
362,132
362,166
362,175
362,182
362,196
362,217
362,219
362,235
362,238
362,307
363,41
363,53
363,94
363,112
363,154
363,171
363,174
363,184
363,199
363,200
363,206
363,236
363,239
363,288
363,290
363,333
364,0
364,66
364,67
364,112
364,121
364,132
364,154
364,157
364,165
364,171
364,184
364,200
364,206
364,236
364,239
364,288
364,290
364,311
364,315
364,333
365,0
365,66
365,67
365,112
365,121
365,132
365,154
365,157
365,165
365,171
365,184
365,200
365,206
365,236
365,239
365,288
365,290
365,311
365,315
365,333
366,0
366,56
366,66
366,67
366,112
366,121
366,132
366,154
366,157
366,165
366,171
366,184
366,200
366,206
366,214
366,236
366,239
366,288
366,290
366,311
366,315
366,333
367,0
367,66
367,67
367,112
367,121
367,132
367,154
367,157
367,165
367,171
367,184
367,200
367,206
367,236
367,239
367,288
367,290
367,311
367,315
367,333
368,0
368,66
368,67
368,112
368,121
368,132
368,154
368,157
368,165
368,171
368,184
368,200
368,206
368,236
368,239
368,288
368,290
368,311
368,315
368,333
369,0
369,66
369,67
369,112
369,121
369,132
369,154
369,157
369,165
369,171
369,184
369,200
369,206
369,236
369,239
369,288
369,290
369,311
369,315
369,333
370,0
370,66
370,67
370,105
370,112
370,121
370,132
370,154
370,165
370,171
370,184
370,200
370,206
370,214
370,236
370,239
370,288
370,290
370,311
370,315
370,333
371,0
371,66
371,67
371,112
371,121
371,132
371,154
371,157
371,165
371,171
371,184
371,200
371,206
371,236
371,239
371,288
371,290
371,311
371,315
371,333
372,0
372,66
372,67
372,112
372,121
372,132
372,154
372,157
372,165
372,171
372,184
372,200
372,206
372,236
372,239
372,288
372,290
372,311
372,315
372,333
373,0
373,66
373,67
373,112
373,121
373,132
373,154
373,155
373,165
373,171
373,184
373,200
373,206
373,214
373,236
373,239
373,288
373,290
373,311
373,315
373,333
