user_idx,bundle_idx,overlap_count,affinity
0,84,7,0.8037341164499123
0,97,2,0.9156425236697798
0,74,3,0.5427016530474307
0,56,6,0.6176841697240949
0,77,2,0.18951311319793293
0,75,3,0.9083398153860869
0,58,2,0.610731878394361
0,57,3,0.9072968782972289
1,27,2,0.31203072598614146
1,74,2,0.30969106405522034
1,84,4,0.41778410008633343
1,98,2,0.32543561281885036
2,13,5,0.054098516910467125
2,100,2,0.7322099625607794
2,6,2,0.18823237511967053
3,39,6,0.23158353856070296
3,27,2,0.14900103508912893
3,77,2,0.14290854255666385
4,58,2,0.47131735568989647
4,56,2,0.1571057852299655
4,13,2,0.03387252239662756
5,58,2,0.30920163799654626
5,56,4,0.2388171759701202
5,13,2,0.02470427006399179
6,83,2,0.2541538949835008
6,27,4,0.4291203548386289
6,39,11,0.484260503951559
6,13,2,0.020995204459320606
7,74,2,0.30427119288319593
7,39,3,0.1751888337231388
7,27,3,0.457080773830943
7,56,3,0.27002385464725737
8,97,2,0.7322094249283728
8,33,3,0.06549044270076855
8,84,7,0.6290231853711503
8,13,6,0.07242067595519162
8,98,5,0.7589782138055643
8,74,3,0.40788561377961174
8,57,2,0.42570094403822467
8,83,3,0.4580132013083273
8,77,3,0.24980449186512269
9,84,2,0.08166726666867968
9,77,2,0.14932049449620857
9,13,4,0.05707990367415477
10,103,2,0.5886104169315937
10,56,9,0.6685623851780584
10,13,16,0.16609656528481567
10,33,2,0.05407188707932415
10,27,4,0.4427261367896022
10,83,4,0.5365816851166831
10,108,4,0.725933813708789
10,58,3,0.6803115679024289
10,74,4,0.47793239239887786
10,47,4,0.49230400065381286
10,48,2,0.48793395293294806
10,97,2,0.7144045607214449
10,77,3,0.24192016038110856
10,6,4,0.7224072182436445
10,39,15,0.7261575005354939
10,116,2,0.7097637209355454
10,84,7,0.608017689220858
10,57,3,0.7322135404174926
10,0,3,0.15328731332633763
10,117,2,0.3379114056993447
10,96,2,0.4088613376651832
10,98,3,0.43368193989032733
10,30,4,0.6022669112305264
10,75,3,0.7481521220367814
10,54,2,0.7426619634900835
11,39,2,0.12349087964039457
11,97,2,0.9364360684674748
11,75,3,0.9160457940221297
12,102,2,0.4751861937215416
12,13,2,0.027524003936955716
12,117,2,0.4463902859385691
13,13,4,0.059390395592200516
13,6,4,0.7446397239507696
13,31,2,0.042613335069925644
14,39,9,0.4097273563411319
14,33,6,0.2295437566608493
14,98,4,0.5428675879759817
14,84,6,0.49185402623903407
14,83,4,0.4899717134187803
14,30,4,0.5334532607698885
14,77,2,0.1516652861716462
14,58,2,0.3663233338490264
14,56,6,0.43732310515792094
14,6,2,0.3721814645515563
14,74,4,0.48639866575767143
14,0,4,0.192598590179836
14,27,3,0.31985105333615615
14,97,2,0.6507709451893711
15,27,2,0.15071400102564317
15,39,3,0.11436537193468732
15,56,3,0.1965591041838146
16,6,2,0.2697132184236546
16,27,3,0.4449018643904954
16,56,3,0.24520318896171625
16,39,12,0.6754857408882151
16,84,5,0.4915462348456567
17,6,2,0.32151547804800396
17,27,3,0.46337381419405865
17,39,8,0.4429497469380346
18,27,2,0.2871569205307774
18,56,2,0.14011930833569552
18,83,2,0.2953611636534029
19,56,3,0.3138352596558826
19,39,4,0.24114821467080402
19,27,2,0.2617570514691821
19,84,4,0.4520873114500498
19,83,2,0.30266190447344793
20,56,2,0.19437967316740348
20,27,3,0.4633937850963992
20,39,9,0.5164533790209017
21,56,3,0.29669904634924926
21,57,3,0.9387668215547526
21,39,12,0.7231568177421448
22,6,4,0.569100521491334
22,56,3,0.226556124992867
22,74,3,0.45347018080867396
22,39,7,0.33133589942478797
22,77,2,0.20102504091223838
22,27,3,0.41730362804674664
22,33,2,0.04573858011374313
22,84,7,0.6727757846232265
22,83,2,0.2968206420932097
22,97,2,0.7279297876616946
22,98,2,0.21419475478760153
23,84,6,0.6485631433408626
23,39,5,0.274919682492761
23,27,2,0.2896989621437265
23,13,6,0.08186765478591439
23,77,2,0.18996369918017353
24,98,2,0.33702738502603996
24,27,3,0.488600845809255
24,39,6,0.37180155610078464
25,39,2,0.1216253609444957
25,84,3,0.29078001455735997
25,56,3,0.25575968784632486
26,35,2,0.3760859860308499
26,13,9,0.09550015540942407
26,31,3,0.05994829521808403
27,13,2,0.032659059278447984
27,27,2,0.1289487497423729
27,39,2,0.022447274095360677
27,56,2,0.07779604325904547
28,108,2,0.4527503497240068
28,39,7,0.42035757902974674
28,27,2,0.3122162038845187
29,27,3,0.48403396640663693
29,84,3,0.3406747892259178
29,13,2,0.024894134885454614
29,39,2,0.12774175946652402
29,56,3,0.2570131859367901
30,83,2,0.2750121491473223
30,84,6,0.5369671356241257
30,13,4,0.050187510051322194
30,56,3,0.2612076994987478
30,74,2,0.30102367635356453
30,6,2,0.42933660029085646
30,39,8,0.3898796937941268
30,27,3,0.42444019490175844
30,77,3,0.31420306452276914
31,56,2,0.16449238281647982
31,27,2,0.18969199789209454
31,84,2,0.15136055364378087
32,83,4,0.49804470016691216
32,48,2,0.44880852464056914
32,97,2,0.735872071697986
32,77,3,0.21753434191581844
32,108,4,0.621970651708195
32,102,2,0.7751903721666206
32,39,13,0.5565392375797706
32,84,7,0.53855974212231
32,116,2,0.6981684983777224
32,96,2,0.3277700042372913
32,58,2,0.3778671349753953
32,74,5,0.7272750340712678
32,47,5,0.5781870986196893
32,0,4,0.18921712401465732
32,27,4,0.4060418314410244
32,75,3,0.7800458156002171
32,57,3,0.6951112070167796
32,98,5,0.6894719492527276
32,13,13,0.10214079407926124
32,30,4,0.5703016039735667
32,56,8,0.5525899374399619
33,75,3,0.8803777076723595
33,56,3,0.27423693863438714
33,35,2,0.6556002997254872
34,33,2,0.07355839915010634
34,13,3,0.04805338665640618
34,72,2,0.5933734055740904
35,98,4,0.7089194202212641
35,39,3,0.18023181438955696
35,27,3,0.4812703893089711
36,97,2,0.6895964745906553
36,83,4,0.4960966420870026
36,39,12,0.5530615584157641
36,33,8,0.21430198633031458
36,115,2,0.6995915247139457
36,56,4,0.2540302459158041
36,75,2,0.47178696688963956
36,77,2,0.12672478051890845
36,13,2,0.021112936552543694
36,6,3,0.3962451024753975
36,47,4,0.5436322868336452
36,30,3,0.4340071928605136
36,74,4,0.5478420328974787
36,27,4,0.4340445597527561
36,98,2,0.276585190522822
36,84,7,0.5951664307083399
36,96,2,0.34135488820926413
36,108,2,0.3953296926558008
37,33,4,0.09498442274990695
37,0,5,0.24151294821220398
37,6,3,0.43065970979355345
37,27,3,0.33196786691165847
37,56,2,0.16481230151181306
37,35,2,0.6001118631481822
37,13,3,0.03462782750409269
37,77,2,0.14975811907851627
37,83,2,0.2607594712625553
38,6,2,0.48277399591677195
38,84,5,0.4642289607305715
38,56,6,0.5654188287836347
38,74,2,0.3257666496525782
38,58,2,0.6508853111241452
38,57,3,0.5652159896652178
38,27,3,0.37866471398939455
38,39,13,0.6513785840748981
38,97,2,0.8691537530947662
38,75,2,0.3768106597768119
39,84,2,0.22985736911136515
39,27,3,0.3780487882714591
39,56,3,0.2254672493184666
39,39,6,0.33847232718292114
39,75,2,0.35652479529311504
40,39,2,0.08791033232645222
40,56,2,0.13443001024056359
40,84,2,0.16613414336222354
41,13,3,0.030665619870190074
41,33,2,0.05760310342591428
41,103,2,0.3360565674278726
41,6,2,0.1752340389393349
42,56,2,0.07075267656566414
42,100,2,0.8270443819156177
42,13,7,0.04088997499959407
43,74,3,0.23951387946886443
43,6,3,0.19398511520903372
43,56,3,0.16482204603903805
43,84,2,0.1740710945996083
43,39,4,0.25225336538123794
43,75,3,0.7003272007962199
43,57,2,0.2890515667207666
44,72,2,0.5183245223163034
44,102,2,0.33877578472798453
44,6,3,0.30162882677531005
45,74,2,0.37071104352489925
45,27,3,0.4289450209189607
45,56,3,0.2506270495872994
45,84,6,0.6223787513445147
45,39,12,0.7283857010164838
45,83,2,0.2586777356488012
46,13,4,0.05065719061520703
46,56,4,0.42136418370833695
46,39,2,0.12773207741437087
46,58,2,0.6341610095988847
47,35,2,0.3942825084702714
47,27,3,0.419288029648121
47,13,8,0.09409461422544688
47,39,8,0.4581739084404231
47,56,2,0.14392967313346816
48,115,2,0.6598997116684041
48,6,2,0.17443001278893117
48,97,2,0.6970713215962834
48,58,3,0.5976677367151062
48,84,7,0.585264395790601
48,13,3,0.024999509438296763
48,27,4,0.4193766093357774
48,83,3,0.3385292189258929
48,56,7,0.46753622364161984
48,75,3,0.7065407270418529
48,57,3,0.6769610542587113
48,33,3,0.03540404091530954
48,98,4,0.5274987789553125
48,39,11,0.5046051127841621
48,20,2,0.10973569350779955
48,74,4,0.4971534044893663
49,57,3,0.7272550191900837
49,97,2,0.7323466656662754
49,98,4,0.6019598874636626
50,39,2,0.11144343121607034
50,56,2,0.15049028436137435
50,13,2,0.02414126767584415
51,74,3,0.5090302526464331
51,84,6,0.6260471793368739
51,13,2,0.03362577060061844
52,56,6,0.5694146769201668
52,83,3,0.4940710662703518
52,44,2,0.5730330417855449
52,97,2,0.8185450085455572
52,108,2,0.42123356500378023
52,98,5,0.8577420530949299
52,13,2,0.022970144983634404
52,39,13,0.7632671637050303
52,75,3,0.8536791656832364
52,58,2,0.6081683803117464
52,57,3,0.8640834032277294
52,84,7,0.7338164695954881
52,74,4,0.6876920735134878
52,27,4,0.5611852964450942
53,27,4,0.5721464738499872
53,74,5,0.8580644773181341
53,54,2,0.8464628771734695
53,0,4,0.25754239335808243
53,13,7,0.10894541136505327
53,56,7,0.6291931093622903
53,44,2,0.6054698516528747
53,97,2,0.792084870728917
53,39,13,0.7298536812460503
53,84,7,0.6778033265222135
53,108,3,0.6340791706288319
53,75,3,0.8269877834754396
53,58,2,0.5164216593567793
53,83,3,0.4276156058590412
53,98,5,0.8787825891043003
53,57,3,0.8426322678035064
53,30,4,0.675401908173618
54,30,4,0.5161421377554428
54,39,12,0.4966651189998351
54,84,8,0.5463766899867092
54,83,3,0.36928768582807137
54,74,4,0.4189041195175747
54,75,3,0.6048719632092247
54,57,3,0.6070763044779444
54,44,2,0.4626946068583148
54,6,4,0.2647059879933521
54,13,2,0.026830835355556058
54,27,3,0.3434827025077099
54,56,3,0.16448394887807288
55,57,3,0.8062961014515385
55,27,3,0.3957932205847436
55,58,2,0.5034802692255477
55,75,3,0.6999742490377093
55,39,6,0.3238817420920788
55,84,2,0.1902654248645202
55,56,6,0.485225624383221
56,84,2,0.22513870144095138
56,56,2,0.19769206573052178
56,39,7,0.4266110603870217
56,74,2,0.3616603524714135
56,27,2,0.31187842651326864
57,13,2,0.024965955174671234
57,27,3,0.3927049350063499
57,39,4,0.2472806758004254
57,97,2,0.9250663982550666
57,98,4,0.7308304980643763
57,0,4,0.2688843515881731
58,0,4,0.25213901382408704
58,96,2,0.47316795606820006
58,44,3,0.8748563606103272
58,74,5,0.8561536818236999
58,20,2,0.13700684017252343
58,29,2,0.2751029270577039
58,84,7,0.7459495336611113
58,98,5,0.8838633609773565
58,75,3,0.8694420649087847
58,39,13,0.7621633283536777
58,43,2,0.8893929574114543
58,58,3,0.7669364666945703
58,108,4,0.8318537562923007
58,116,2,0.9505403577946094
58,30,4,0.6838297929574095
58,57,3,0.8242442802051886
58,13,5,0.07948725363335148
58,61,2,0.8747562688549559
58,54,2,0.829817855832867
58,56,9,0.7874050871898466
58,83,4,0.6938159779907959
58,77,3,0.28731668640999114
58,97,2,0.8570226411240309
58,115,2,0.8617705658054624
58,27,4,0.5747750495262982
58,48,2,0.5775685657622995
59,31,2,0.028041727309516866
59,13,9,0.08004911886544476
59,77,2,0.16215772505205195
59,56,2,0.08798570574902687
59,6,2,0.17185217087889162
60,84,5,0.3867021438012309
60,39,7,0.2912021552878332
60,108,3,0.47050014691562764
60,77,3,0.1989793705683987
60,0,3,0.104457831463701
60,83,2,0.2557104203589534
60,27,3,0.3210979273275749
60,74,2,0.25180684732349035
60,96,2,0.2982012096728798
60,13,8,0.10113999413399159
60,47,5,0.6486375548743248
60,56,4,0.2831543623749296
60,98,3,0.45508609335405426
61,13,10,0.1385072683126755
61,6,2,0.10842021834672882
61,33,3,0.0657791236069031
62,33,2,0.052212085396844736
62,102,2,0.38528282884625176
62,13,7,0.058917005418214353
63,56,3,0.2059815878092441
63,39,13,0.8053078552955968
63,74,2,0.3086515593640057
63,84,6,0.6845940596041312
63,27,3,0.42077517908491063
64,13,3,0.04990172868680969
64,56,2,0.1741012247229746
64,58,2,0.5223036741689238
65,84,2,0.12134308703501923
65,56,2,0.14535997472645296
65,33,2,0.0787648234920656
66,98,3,0.5619839680902705
66,0,3,0.19232493700152306
66,77,2,0.18649279149815345
66,20,2,0.14163575879962934
66,96,2,0.4197892771755878
66,84,3,0.32014072660236775
66,39,8,0.45601247101494563
66,83,3,0.4227790361326994
66,27,3,0.44597623245849255
66,108,3,0.7061671401478282
67,56,3,0.2831902445830686
67,13,2,0.022809270075637426
67,39,7,0.4211033176804663
67,84,6,0.670437175680539
67,27,2,0.29591354355254035
68,56,7,0.6144299421183502
68,58,3,0.76577724647451
68,20,2,0.15422129467076448
68,83,2,0.30521729138912423
68,44,2,0.6143330854508178
68,75,3,0.9128838771355836
68,57,3,0.8422783659912794
68,97,2,0.8320799678830607
68,74,4,0.6427280064780106
68,0,4,0.2507453957380391
68,30,3,0.5221319142797906
68,27,3,0.406582399653504
68,108,4,0.7916175247007087
68,39,12,0.6620046768935901
68,98,5,0.8762340619274204
68,84,7,0.7003392793550332
69,13,3,0.032841907743928575
69,33,5,0.14961254176445662
69,56,2,0.07714084861601818
69,6,3,0.5079189897725059
70,39,7,0.34816528923299483
70,98,2,0.3087539348966582
70,56,3,0.2567523046807159
70,84,4,0.3899012220925555
71,56,2,0.1948542293534616
71,84,2,0.24352727894587184
71,39,8,0.49390989256976964
72,39,3,0.14847090288399684
72,15,3,0.14365843496692593
72,56,3,0.2676667842469463
72,33,6,0.10083040272660992
73,56,2,0.21029359411874862
73,84,2,0.2326043041534564
73,27,2,0.3299119134290782
74,39,6,0.3582556850618746
74,56,3,0.32954565124330415
74,84,2,0.24695812069310574
75,74,2,0.30427119288319593
75,39,3,0.1751888337231388
75,27,3,0.457080773830943
75,56,3,0.27002385464725737
76,117,2,0.11679183448148774
76,13,3,0.029288407877138992
76,6,4,0.43002365964806194
76,33,3,0.10449429033563618
77,27,3,0.35596173132448056
77,84,2,0.18428158443650294
77,39,6,0.29888892963166946
78,13,2,0.0100591199009045
78,77,2,0.18154424282177545
78,96,2,0.46459337793634237
79,39,10,0.14323992458657817
79,56,3,0.17302375464216002
79,77,2,0.05877787402764185
80,27,2,0.19215116471021174
80,33,2,0.06864955538265018
80,39,3,0.09300803362535164
81,74,2,0.3396826091150832
81,98,4,0.6889849615252818
81,56,3,0.2908918566786377
82,33,2,0.07729681523923579
82,6,2,0.3656746482950564
82,77,2,0.17454973072297453
82,13,4,0.04011122218663513
82,39,3,0.13018313924102987
83,39,2,0.09424151250735961
83,98,4,0.672812929375126
83,56,2,0.18529691565625386
83,27,2,0.2759864070481221
83,57,3,0.7203282989610983
83,74,4,0.6360005281097907
83,97,2,0.7567370124794182
83,84,3,0.2739980698908897
84,84,6,0.6377180918227886
84,58,2,0.5452418353874576
84,39,6,0.34073180486616955
84,56,5,0.3691825494342063
84,27,2,0.28417554270720113
85,108,3,0.6504386801500501
85,74,3,0.48226097532839496
85,56,3,0.2568986416404121
85,83,2,0.35414522501142254
85,27,3,0.4033541017708167
85,84,6,0.6416692540939724
85,39,6,0.32490801613800857
86,6,2,0.4014311528749753
86,39,2,0.01958665808672596
86,83,2,0.34080529001361126
87,33,6,0.2260328485245204
87,13,5,0.03637484532455334
87,77,2,0.14332377159847562
88,27,3,0.38956102366837814
88,13,3,0.042574748235453604
88,39,7,0.39766917105535976
88,84,2,0.18467092870093554
88,83,2,0.3302838423308316
89,84,7,0.6899416313997023
89,13,6,0.07560087157527648
89,74,5,0.8102132778623057
89,39,11,0.6185462328971602
89,43,2,0.78929297881094
89,44,3,0.798345848475427
89,77,2,0.19242935509281411
89,75,3,0.7533115439172337
89,98,5,0.785566768613636
89,108,4,0.8412990368451293
89,115,2,0.8646023379756125
89,54,2,0.8392069191248986
89,57,3,0.7038317432131501
89,0,4,0.24595285844624679
89,97,2,0.753390168632261
89,47,2,0.35042938331216344
89,56,7,0.675050931960847
89,58,3,0.8218424540147254
89,30,4,0.6442370690144331
89,27,4,0.563790995475983
89,29,2,0.2580404484887708
89,83,4,0.6652326231050841
90,98,5,0.94906202882471
90,27,3,0.4493208491335719
90,97,2,0.9294384592781191
90,74,4,0.7513639804530243
91,27,2,0.33047703085746194
91,39,2,0.12994963921347638
91,77,2,0.21589372321939393
92,6,2,0.2443172748083599
92,33,2,0.06246867716778003
92,13,3,0.04725715774939713
93,27,3,0.436148196413243
93,6,3,0.5545238463642153
93,39,7,0.3946709720966815
94,39,2,0.11830001785428293
94,27,3,0.4578004360987733
94,84,2,0.21326071646603545
95,74,2,0.2016929807083223
95,83,2,0.21603383563076334
95,27,3,0.3067105300456313
95,84,6,0.4952447387022087
95,56,3,0.16764778604135128
95,39,10,0.4319361646106078
96,56,3,0.3059599046922636
96,84,2,0.24749243844543395
96,39,2,0.1267560594030982
97,56,3,0.21069331134958158
97,84,4,0.4466858551707128
97,57,3,0.9161359128198535
97,27,3,0.4454740705727649
97,98,4,0.7670098120673756
97,39,3,0.18019610437128092
97,6,2,0.43683784890245336
97,75,3,0.9251891779655029
98,103,2,0.798178275710312
98,77,2,0.20300214981435646
98,6,2,0.3147708548860646
98,13,2,0.020007312366189165
99,27,3,0.42303381919427413
99,102,2,0.9648303782264693
99,39,3,0.18524855321191808
100,56,3,0.24520318896171625
100,39,12,0.6754857408882151
100,27,3,0.4449018643904954
100,84,5,0.4915462348456567
100,6,2,0.2697132184236546
101,39,7,0.43981170914288187
101,27,3,0.4819295257996168
101,84,5,0.5703411415619689
101,56,3,0.3031557352767952
102,13,8,0.04688829617553915
102,83,2,0.3418481658823757
102,77,2,0.21509601262424047
103,83,2,0.18531521572352877
103,27,4,0.3333555956564562
103,39,11,0.3918920188751641
104,13,3,0.03565711110372161
104,97,2,0.9051571479701337
104,56,3,0.2029634522564384
104,39,5,0.32232590716195814
104,27,2,0.2949679640120045
104,98,5,0.9815141752330285
104,84,7,0.8407834339135458
105,27,2,0.3299155559748936
105,39,6,0.37739184842297363
105,84,2,0.2288145414085489
106,27,3,0.4059112814277757
106,39,2,0.12645040725201726
106,56,3,0.25157549081618963
106,13,2,0.020622892566927894
107,27,3,0.42054171288309866
107,77,2,0.17664649885034703
107,39,11,0.5979536055243527
107,83,2,0.3381076288152012
108,13,5,0.08441326377452525
108,6,2,0.36191693748237974
108,33,3,0.10343323598085848
109,6,3,0.29940873415443603
109,84,4,0.3773274661022165
109,56,3,0.24650549666885052
109,39,5,0.26129469003593603
109,27,3,0.23806643755650336
109,13,3,0.038017716249783395
110,6,3,0.486792054855785
110,58,2,0.4061351818175078
110,56,3,0.16661153192350653
111,6,2,0.11002906179878104
111,33,2,0.04118315282116187
111,13,3,0.04461477592627506
112,6,2,0.05124759018155769
112,56,3,0.2613825180071287
112,39,2,0.1056044617864751
112,83,3,0.4779952879518367
112,77,2,0.17928437700447
112,33,2,0.05358314687723036
112,13,4,0.04465237813142691
112,27,2,0.29558671814126325
113,0,3,0.1324538223400104
113,27,3,0.2231420363447787
113,57,2,0.3435738881339763
113,83,3,0.29760636182162375
113,56,4,0.210616585236008
113,75,2,0.6533802147446316
113,6,2,0.1725274121279659
113,39,6,0.2945936827385303
113,74,2,0.1933587217618359
113,84,2,0.11828172885424536
114,56,2,0.13814574217389688
114,27,2,0.2651625656770025
114,39,6,0.35645244110904895
115,6,3,0.3735002553226474
115,77,2,0.1493393008879342
115,27,2,0.21564396135879793
116,83,2,0.24707560866490313
116,39,6,0.28031525573963906
116,56,2,0.17301455747390554
116,84,2,0.19054748434586144
117,27,2,0.31608960138510184
117,39,4,0.24506239217285483
117,75,3,0.8726607249644153
118,77,2,0.2151433472381233
118,33,2,0.06876073880754048
118,6,2,0.23812852071067686
119,97,2,0.7744849149237132
119,56,3,0.21679718582552765
119,103,2,0.7178850476938979
119,33,2,0.06666907894168428
119,6,3,0.4597187194921628
119,75,3,0.7015088971119536
119,13,7,0.10434692467274241
120,39,10,0.5770452011097311
120,13,2,0.030716942038504315
120,27,3,0.43330879693165486
120,117,2,0.5059095889754093
121,27,2,0.29826996018874324
121,39,9,0.5332299748910814
121,74,2,0.3242755308790269
121,56,4,0.3426700534655538
121,84,5,0.5560374898513188
122,84,2,0.22542019261205237
122,39,2,0.12252257515075768
122,27,2,0.28448023830865393
122,56,3,0.23839418411196714
123,42,2,0.08176158906723421
123,56,2,0.15889184800298572
123,13,12,0.1424959991471046
123,6,4,0.5081214085944207
123,47,4,0.5995516709054056
123,33,4,0.06807975653486424
123,57,2,0.12208523929520188
123,41,4,0.11534817731313686
123,83,3,0.2343529939398225
123,77,3,0.14745634112054
124,58,2,0.07409729550012172
124,56,2,0.024699098500040574
124,39,7,0.05186810685008521
125,6,2,0.43314759975434375
125,13,2,0.025382656784924216
125,103,2,0.8986615155162138
126,103,2,0.5471498650015632
126,33,6,0.1921916503978686
126,6,2,0.321038563178912
127,27,3,0.34749404481435703
127,39,4,0.21072943972291672
127,56,3,0.20650544928091985
127,13,3,0.04007317754385591
127,31,2,0.031977001681108334
127,35,2,0.6438078079938919
127,84,6,0.5979693778130244
127,83,2,0.252168228210565
127,74,2,0.33618996092496867
128,56,2,0.13717812697605025
128,13,2,0.03541275247600221
128,77,2,0.18734088701633445
129,100,2,0.48774257824452194
129,6,2,0.26464975444049793
129,13,9,0.13527524311178454
129,31,2,0.03672474100770879
130,103,2,0.741076951169119
130,75,3,0.7059688344679224
130,13,2,0.03223076554226956
131,39,5,0.27778445097850596
131,57,3,0.8025724970715681
131,84,7,0.7063955284781196
131,27,2,0.2732763751463528
131,56,4,0.36404314237350205
131,75,2,0.5285295424341594
131,97,2,0.7820126213627692
131,74,3,0.42347525556289833
131,98,2,0.31711772546049566
132,56,3,0.30521695219790285
132,39,8,0.5066544689510505
132,84,5,0.5754980146893398
133,13,2,0.020795973076846604
133,84,2,0.22103857663909215
133,6,4,0.4535424223053228
134,56,3,0.22058060056047418
134,13,3,0.04151867695493462
134,39,12,0.5270998902543544
135,74,4,0.7204105902895275
135,84,7,0.7859580886441428
135,27,3,0.43888434250420133
135,57,3,0.869139007707711
135,97,2,0.9250081047432248
135,75,3,0.8949321268416037
135,39,11,0.6609175581886583
135,98,5,0.9313463286125326
136,83,2,0.27800033243405264
136,56,2,0.16406273922659606
136,6,2,0.27408059524520356
136,39,3,0.1659895855047394
136,84,2,0.18804909226307337
137,39,10,0.6272364391525803
137,84,6,0.6676109476852311
137,27,3,0.4386622014432671
137,74,2,0.3405256429345462
137,56,3,0.28459114832126325
138,27,2,0.21153684629302147
138,83,2,0.2814224013949194
138,84,2,0.20944930778452175
138,39,8,0.43984790324637846
139,13,2,0.03252596396729039
139,84,2,0.19546589607096526
139,27,2,0.24692893333827662
140,6,2,0.1979068429115469
140,103,2,0.7717119496714469
140,13,2,0.014322192572636729
141,6,3,0.26021196033906285
141,33,4,0.1303148134614241
141,13,2,0.011262467873157623
142,84,2,0.24816041153017632
142,27,3,0.32447355014938667
142,39,2,0.10759110715047791
142,56,3,0.17878727257021157
143,84,7,0.7907636006316863
143,77,2,0.20608538609237867
143,97,2,0.8939949954917881
143,74,4,0.7185493509736646
143,75,3,0.9052201196077552
143,13,4,0.06713503523546474
143,57,3,0.8871910114537055
143,98,5,0.9209147997145006
144,77,2,0.18552412875565732
144,35,2,0.40745391035387457
144,27,2,0.24058994871627135
145,84,3,0.3119660695697591
145,27,2,0.32327232023597025
145,39,8,0.47882027075887235
145,77,3,0.3149489833140237
145,74,2,0.3507663616926747
146,98,4,0.7572137980044497
146,39,5,0.31527774217447724
146,56,3,0.3070823003893782
146,97,2,0.9479316255853518
146,57,3,0.9251152931045982
146,27,2,0.3196365976359934
146,75,3,0.9481401805443984
147,84,2,0.18567693082271974
147,56,3,0.2179147571604253
147,6,3,0.41593512254824616
147,39,10,0.5760331544176001
147,116,2,0.8530664053947918
147,27,3,0.36973063262894507
147,33,2,0.044442283349332784
147,48,2,0.5730218765045736
147,13,4,0.060154954769147326
147,96,2,0.40019445150099364
147,77,3,0.24015373873398962
148,27,2,0.3175820313024705
148,74,2,0.35522616100180365
148,84,2,0.20843913369830025
148,39,5,0.3046835501256985
149,57,3,0.7814866115999316
149,83,3,0.519613347107032
149,39,6,0.32439489206593625
149,74,3,0.4711859159671259
149,58,2,0.52477229518613
149,96,2,0.42431880935281874
149,84,7,0.6878444351138754
149,13,4,0.05879356972316983
149,56,6,0.5452836866028873
149,27,3,0.46950017168284014
149,108,2,0.4008447646604565
150,98,4,0.620077494807483
150,58,3,0.6455544134907799
150,13,4,0.059800909581001586
150,20,2,0.1161309826793039
150,39,12,0.6369363049478135
150,30,4,0.5712320487082916
150,83,4,0.6269285002804967
150,57,3,0.729191393223342
150,44,2,0.5001334138977954
150,84,7,0.7527568499829091
150,27,4,0.5423977406498607
150,54,2,0.7110058405665489
150,74,5,0.7980219458242086
150,77,3,0.26955556021477417
150,75,3,0.7306454132365473
150,56,9,0.7413132119004964
150,47,5,0.7656536552543167
150,97,2,0.7783842292369599
151,39,2,0.04902655675283719
151,27,2,0.281191802224208
151,84,3,0.11240290622396057
152,58,2,0.561121654522571
152,77,2,0.19216156717279612
152,56,4,0.35501372738706016
153,57,3,0.7093824985841003
153,84,5,0.43296114341065073
153,39,6,0.2884308649083699
153,56,2,0.15721775021399692
153,35,2,0.6536729645161145
154,6,2,0.1900296300577588
154,39,8,0.3003168614774064
154,84,4,0.2462862961018109
154,27,3,0.2852112730530327
155,100,2,0.607659032420788
155,77,2,0.08093040722028799
155,13,7,0.08108873807220726
156,58,2,0.22194881026691501
156,56,4,0.16269158494484298
156,6,2,0.13516824715568587
156,33,13,0.3457802619417711
157,39,2,0.1280772641168987
157,56,2,0.14563437879705204
157,27,2,0.2675871510884678
158,13,2,0.034194636181218006
158,58,2,0.6278713955822136
158,56,6,0.6243028290022311
159,35,3,0.7384514573020007
159,31,2,0.029030056244341147
159,72,2,0.5125476540285926
160,35,2,0.48207068933457986
160,6,2,0.20576165752030762
160,33,2,0.07869569283350358
161,6,3,0.16355748132245274
161,13,8,0.09313961642427548
161,35,2,0.661933313738304
162,57,2,0.36159285005278985
162,44,2,0.4075843546685484
162,56,7,0.41334536477930306
162,27,4,0.428884244183446
162,98,2,0.23165758621644117
162,39,12,0.5952121870464507
162,84,6,0.5025456660343587
162,58,2,0.42543405425943487
162,74,4,0.5245027916077106
162,30,3,0.3755366214267422
162,83,3,0.365661049864676
163,56,3,0.27660386030288175
163,39,5,0.31261571613119776
163,84,2,0.22669941986338182
163,27,3,0.439115109518221
164,75,3,0.13615458855575308
164,0,3,0.1597088504580148
164,13,2,0.023819242632507367
164,33,2,0.05851785093739231
165,0,3,0.13573181527918105
165,39,9,0.3789488277625334
165,116,2,0.6623950511971299
165,58,2,0.39545160017069336
165,84,7,0.5226123971531538
165,96,2,0.2915169027678687
165,6,3,0.28982168837259015
165,57,3,0.6576699110060028
165,74,4,0.548904284711513
165,83,5,0.5470370883882832
165,98,4,0.5725642213016772
165,27,3,0.3222148379637852
165,97,2,0.6936105098735381
165,77,3,0.18900088503905926
165,111,2,0.5571386614386161
165,13,7,0.07367452567435713
165,56,4,0.26198535237062515
165,108,3,0.4617897263110866
165,47,3,0.3452095929967523
166,39,2,0.10292718973388194
166,6,2,0.22829705081352716
166,27,2,0.33140150564939513
166,56,3,0.33204544821070786
167,74,4,0.725123312923865
167,98,4,0.6982942764911374
167,84,7,0.7905573787891077
168,13,5,0.07578004423112998
168,27,2,0.24644228486196681
168,103,2,0.8147211435649688
169,39,10,0.5810161401850326
169,56,3,0.27668620982231745
169,83,4,0.6071082014191013
169,27,3,0.40150763998491595
170,56,4,0.31182698299899575
170,58,2,0.43688922500729177
170,74,2,0.2742136110837413
170,98,3,0.48437168683751286
170,39,10,0.5869238083072865
170,0,2,0.09589015164802192
170,84,5,0.5004098471846101
170,27,2,0.26341409508396346
171,84,7,0.7096273528810396
171,97,2,0.7755286024031323
171,74,4,0.6453632712611806
171,39,11,0.6018855932791053
171,27,3,0.39269491553512004
171,57,3,0.8043996688187901
171,6,2,0.38202102528315074
171,98,5,0.8207688592456479
171,108,3,0.599902279551717
171,75,3,0.7994569786041401
171,56,4,0.25942827581772054
172,97,2,0.5174232798262273
172,75,3,0.36310370929464614
172,27,3,0.4869020958198023
172,39,8,0.4867831169763306
172,98,4,0.5700077251420936
172,74,4,0.4061540833409543
172,57,3,0.17606169542517328
172,13,9,0.13372320004319443
172,84,7,0.5539885027970145
173,74,4,0.6859158704768049
173,97,2,0.852822670547644
173,58,2,0.4853746501792096
173,98,4,0.6763708405722658
173,39,10,0.5769471173849087
173,56,6,0.474950316393813
174,57,3,0.6946552742626683
174,98,5,0.7485236568710413
174,30,4,0.619238570871347
174,56,8,0.597626691398441
174,77,2,0.18982375629434398
174,39,12,0.5838994121659825
174,97,2,0.7323326911223185
174,108,2,0.35429175358908693
174,27,4,0.48227584994448236
174,84,7,0.6013043166140303
174,74,5,0.701223341583056
174,75,3,0.6920413338449746
174,58,2,0.4446354987743499
175,56,3,0.2119746869981914
175,33,4,0.13601819320814726
175,13,2,0.027049395810923433
175,6,4,0.7299589219897479
175,77,2,0.15945658478596578
176,56,7,0.6302252512200917
176,39,10,0.549084018400329
176,43,2,0.7262191592467981
176,75,3,0.796785769869003
176,84,7,0.7293194603699358
176,58,3,0.8196953490895081
176,98,4,0.7362545795466912
176,20,2,0.11697639526235858
177,77,2,0.21755630569536186
177,58,2,0.2292123363053847
177,56,4,0.19068472552039298
177,13,5,0.05099928256319832
178,33,3,0.1161537437698493
178,13,2,0.027152677646979335
178,39,7,0.3128530141494785
178,57,2,0.44169561853365685
178,96,2,0.38021299351891497
179,84,7,0.6310347826573522
179,27,3,0.36402719060939964
179,57,3,0.7470925364215631
179,97,2,0.7544232084993656
179,56,4,0.3137033218962152
179,83,2,0.28726706265625285
179,13,3,0.02364152532056723
179,98,4,0.6073267153974836
179,74,4,0.6008560654940995
179,39,8,0.4112316831045809
180,27,3,0.45822991431797244
180,39,6,0.35577444962564936
180,13,2,0.032451597212055414
181,33,2,0.04700757980050931
181,77,2,0.21010483634599264
181,35,2,0.5727494011307356
181,13,4,0.0494027623046428
182,27,2,0.23472025841078825
182,57,3,0.7891507006592234
182,98,4,0.6189182116996463
182,83,2,0.2689967132283858
182,39,11,0.5936150422104036
182,56,4,0.3574061217848877
182,84,7,0.6744126597696838
182,47,2,0.3352178847754198
182,74,4,0.6058073625469522
183,27,4,0.4173372547019147
183,74,5,0.656788646273157
183,13,7,0.07884528826142354
183,39,13,0.6138031404526575
183,116,2,0.7493139586989583
183,84,7,0.534969341823802
183,20,2,0.129178394810242
183,0,4,0.19837240947294627
183,47,4,0.5628316544476578
183,77,3,0.23455656014668838
183,97,2,0.6787913797255358
183,75,3,0.6881784455993283
183,43,2,0.7298641454190535
183,83,4,0.5330833615223558
183,108,4,0.6533660187177678
183,30,4,0.5682784820539158
183,56,9,0.6225537452254368
183,29,2,0.2428156443055065
183,98,5,0.6951214807976364
183,57,3,0.7153799675245783
183,6,3,0.35339286991029073
183,54,2,0.6967695511098828
183,44,2,0.47821950927136503
183,58,3,0.6248745147600068
183,115,2,0.6680569103442202
183,48,2,0.4545318997512888
183,33,5,0.10790059923556951
183,96,2,0.3279303861811299
184,6,2,0.3756429369745171
184,83,3,0.26400978443037115
184,84,2,0.1921965478336204
184,96,2,0.42812057577942586
184,27,2,0.13986625366859
184,13,4,0.049935968106564865
185,27,2,0.20498601824607945
185,108,3,0.49878166917325734
185,39,2,0.09363035333471371
186,39,2,0.12948409560644436
186,27,3,0.4568790945916515
186,84,2,0.22182779954400345
187,6,2,0.2501862990759665
187,31,2,0.010615042024516493
187,108,3,0.5365956471607229
187,56,4,0.3437630267543708
187,50,2,0.8885171444971831
187,0,5,0.31441201689797715
187,39,2,0.09817852347724318
187,13,10,0.13529884604525505
187,58,2,0.608240856002421
187,77,2,0.18136198304113682
187,41,2,0.1301715811243471
188,54,2,0.12277986014699886
188,6,4,0.2120067653448589
188,108,2,0.06138993007349943
188,56,4,0.14653731270710424
188,39,8,0.19540165729196685
188,58,3,0.12277986014699886
189,83,2,0.315575481445377
189,77,2,0.20581468374273926
189,27,2,0.29630769298338244
189,6,2,0.431511887481993
190,27,4,0.509346248200314
190,56,5,0.4039241132382313
190,96,2,0.4634542493785223
190,72,3,0.47984258338105706
190,116,2,0.7439750843423683
190,98,5,0.7368026340438221
190,74,3,0.46225377717089267
190,84,7,0.586292519876847
190,33,5,0.07437727624993656
190,83,4,0.6469000706556993
190,47,2,0.33180555192321987
190,13,15,0.1536875142692997
190,77,2,0.17672732245992606
190,75,2,0.5172267695380756
190,30,2,0.31594575888860854
190,6,3,0.33239011407444957
190,39,13,0.6971243720020636
190,44,2,0.4919015605193906
190,5,2,0.03387808002681945
191,33,5,0.10837029400452815
191,6,3,0.21117807713726383
191,13,5,0.031560381744277034
192,27,3,0.4921470274665914
192,74,2,0.3765223916118298
192,39,11,0.6693935910832363
193,33,3,0.06207235298507174
193,13,6,0.0683878007308226
193,77,2,0.1555161100956597
193,6,3,0.5880234915545652
194,56,4,0.3804254099167283
194,84,5,0.5680922991818886
194,39,11,0.6683774626333289
194,27,2,0.2845765340276292
195,56,4,0.4142574741594247
195,58,2,0.6268407777567733
195,97,2,0.9238956435857472
195,27,2,0.32011706192768236
195,39,2,0.12586731017069208
196,56,2,0.11488722225427361
196,77,2,0.1655442133846946
196,39,5,0.25166449051000267
196,27,3,0.36430039173113754
197,39,5,0.3057849377651601
197,98,4,0.7249126609109741
197,97,2,0.8896956230068331
197,27,3,0.47972864153312283
197,56,2,0.20044125469599022
197,75,3,0.8915759734432003
198,13,3,0.04616170606581206
198,6,2,0.28283106580181583
198,72,2,0.3434050612184048
199,56,3,0.14427354128990935
199,13,2,0.023032296587600927
199,0,2,0.11070523702460684
199,108,2,0.4840272547919642
200,84,3,0.32264416340708946
200,39,9,0.5567860022395897
200,27,3,0.43887357829753676
201,39,10,0.6438750075829951
201,56,3,0.24781521030242948
201,84,7,0.7926215513153689
201,27,2,0.21465733212753343
201,77,3,0.27529826390824835
202,75,3,0.1616649246340872
202,13,3,0.018839662826356653
202,6,2,0.15226368446590416
203,39,4,0.2012113644136973
203,83,2,0.2498264131771597
203,27,2,0.26108594332770313
203,13,3,0.04642167684715465
203,56,3,0.2197249315363522
204,39,10,0.6295317719427679
204,57,3,0.9066464018282415
204,27,3,0.47489942565565973
205,27,2,0.32264861115594984
205,39,5,0.28895874550042155
205,13,4,0.06850191263593312
206,6,2,0.3694292582596922
206,103,2,0.6321766598292035
206,33,6,0.14537867147141514
206,56,3,0.15187993476997852
207,108,4,0.9066567093903193
207,56,4,0.2620303062720286
207,6,2,0.3539873132167307
207,58,2,0.37325957445359337
207,13,2,0.02603834832129893
208,39,3,0.18891617244981881
208,58,2,0.6090574170692471
208,27,2,0.3331857269693947
208,56,6,0.6127130033312391
209,56,2,0.147246058236296
209,39,12,0.559792233473702
209,6,2,0.35684479666135216
209,15,2,0.1778850968333452
209,13,12,0.14652577497032082
209,77,2,0.21915149881618845
209,74,2,0.27178696985735495
209,27,3,0.32032641418310415
209,84,2,0.16017918426673622
209,108,3,0.4964468125272321
210,39,11,0.6080295370521235
210,56,6,0.5232134868427252
210,98,5,0.858901922153177
210,84,7,0.719121564064021
210,27,4,0.5462615050185063
210,0,2,0.12317030831379154
210,58,2,0.5041179227825883
211,13,3,0.03987682902696198
211,39,5,0.260798703938516
211,74,2,0.3142243966620736
211,83,2,0.3213678103280824
211,77,2,0.18355701677333
211,108,2,0.4003550433037652
212,27,3,0.28695924864822486
212,56,3,0.21218753970561732
212,13,3,0.04191251357636588
212,39,3,0.11025520896188737
213,27,3,0.3231808815091232
213,56,3,0.22777963122546405
213,77,2,0.20146444141271644
214,35,2,0.5456715198315795
214,75,3,0.35635215581166096
214,13,2,0.022315702273601794
215,83,2,0.27690266211722053
215,27,3,0.4440141377548123
215,84,2,0.22788051024106654
215,56,2,0.1622242321181711
215,39,2,0.12196925393309303
215,77,2,0.18093290301868142
216,56,2,0.17320647928359867
216,27,3,0.44989566588107804
216,39,11,0.6408222721701909
217,74,3,0.45623470742785843
217,96,2,0.43111125498569614
217,84,2,0.220418899507972
217,56,2,0.17091766585733204
217,27,3,0.3804155558859688
217,83,4,0.6087225528111672
217,39,12,0.73729701910256
217,0,3,0.18660138858833322
218,96,2,0.46653943653861496
218,83,2,0.3578953605309415
218,77,2,0.2018667690675536
219,72,2,0.650723634238549
219,13,3,0.0349983901274729
219,6,2,0.23789221402847618
220,39,4,0.24398252408889043
220,56,3,0.2640518784432076
220,77,2,0.1968100692495628
220,27,3,0.48477421160744005
221,77,2,0.19472916912735938
221,39,2,0.12972365475071676
221,27,2,0.2769834408227362
222,47,2,0.2203800904736382
222,13,3,0.020729252115534082
222,6,2,0.1818513735462191
223,56,3,0.18428528847469672
223,13,2,0.0294532879353373
223,39,3,0.13135563805169545
224,39,13,0.6578069658491089
224,97,2,0.6961877949561855
224,83,2,0.22013205733109725
224,56,7,0.5135006634566616
224,27,3,0.32371501198469993
224,98,5,0.7339504294208246
224,58,3,0.658729333607979
224,74,4,0.5488562897490267
224,44,2,0.4843179404363558
224,57,3,0.7185683127768295
224,84,7,0.6285086182374272
224,75,3,0.7230758385797942
225,58,2,0.5674342074978586
225,98,5,0.9416793254520115
225,56,5,0.4203437789174644
226,74,3,0.5350179586975317
226,84,7,0.781974037112244
226,77,2,0.2184434498653468
227,0,3,0.17003084816805455
227,84,7,0.6777194533706992
227,98,5,0.8121183804220383
227,56,8,0.639852102725989
227,74,4,0.5666866633672509
227,39,13,0.6909813078961299
227,30,4,0.6563331498119586
227,83,2,0.3090976243151753
227,75,3,0.7915574233227431
227,58,3,0.6959790227443325
227,44,2,0.548617938792831
227,57,3,0.7959037191103192
227,27,3,0.3510387685466713
227,97,2,0.7764827437165485
228,44,2,0.548617938792831
228,97,2,0.7764827437165485
228,58,3,0.6959790227443325
228,39,13,0.6909813078961299
228,84,7,0.6777194533706992
228,57,3,0.7959037191103192
228,83,2,0.3090976243151753
228,0,3,0.17003084816805455
228,74,4,0.5666866633672509
228,75,3,0.7915574233227431
228,27,3,0.3510387685466713
228,30,4,0.6563331498119586
228,56,8,0.639852102725989
228,98,5,0.8121183804220383
229,39,10,0.4623471553282998
229,56,3,0.22082204574382358
229,27,2,0.24000827962508176
230,56,2,0.18508606290782093
230,27,2,0.3029621122822988
230,84,3,0.3066647526351723
230,39,2,0.11903801468159439
231,27,3,0.44686360463115854
231,39,7,0.40532954693212886
231,84,2,0.21074055050247947
231,56,2,0.13542376219750105
232,0,3,0.15388468447543063
232,33,3,0.11984074523675252
232,98,2,0.2601983062385662
232,56,4,0.2408870747809978
232,6,2,0.22944587868076166
232,108,4,0.7463495327544727
232,13,5,0.05938107308714636
232,84,6,0.5058261764118415
232,39,10,0.4481354351304737
232,83,3,0.352321882865618
232,96,2,0.3641320572329075
232,30,2,0.2014716899872096
232,74,4,0.4861987803191524
232,77,2,0.13510447579113882
232,27,4,0.4162547126992488
233,39,3,0.13053436290812664
233,83,2,0.26311659738645904
233,84,3,0.24504749585739982
233,27,3,0.3303322350962563
233,13,5,0.05920876079847499
233,56,3,0.19681546586298243
233,77,2,0.1441792152308404
233,6,2,0.3230183571204903
234,84,3,0.30515947407557864
234,27,2,0.29484735306791704
234,96,2,0.4735346342397949
235,13,2,0.024150626205954817
235,27,2,0.21411126769982217
235,56,3,0.2166404364328443
235,98,4,0.5712206492718842
235,84,2,0.17195863700817682
236,83,3,0.3814085442798127
236,57,3,0.6333620133374661
236,75,3,0.6291288541809483
236,27,4,0.442924465373362
236,108,4,0.6428641500682193
236,30,4,0.5135221966234116
236,56,7,0.504825400266932
236,84,7,0.5467177685449115
236,47,2,0.2658648227521493
236,58,3,0.7019454834620098
236,98,5,0.6439721941647166
236,0,4,0.2019045201068228
236,77,2,0.20485035222103554
236,39,11,0.48800089138186836
236,74,4,0.5081491909478381
236,13,7,0.07905976000119873
237,56,4,0.39688885939666085
237,98,4,0.7248968793859154
237,27,3,0.4938170911289177
237,39,5,0.31126559723372144
237,74,4,0.7169054674380757
237,58,2,0.5901089860783657
237,97,2,0.8864687591904914
237,75,3,0.8972357359130677
238,13,3,0.040619029504295426
238,39,3,0.17162861906124666
238,56,2,0.15497744278998432
239,77,2,0.21722661805117444
239,27,2,0.19976804244885252
239,13,2,0.026463606241403228
239,35,2,0.443279986464496
239,56,3,0.21616716108156941
240,27,2,0.2927744954471825
240,13,3,0.03813072775293624
240,84,3,0.3486536298452775
240,39,3,0.18058180873550858
241,83,4,0.6753735477922828
241,6,2,0.28567305435363904
241,54,2,0.7805764831105451
241,57,3,0.8651738232654407
241,56,9,0.8292373681416948
241,74,5,0.8352560175553926
241,30,4,0.671936613006492
241,0,3,0.1911920764501168
241,84,7,0.743748005670398
241,108,3,0.622651194536848
241,47,4,0.696453167313072
241,97,2,0.8340705069254135
241,20,2,0.142428756269217
241,61,2,0.9073522813682895
241,98,5,0.8324992003513806
241,58,3,0.831204815960085
241,75,3,0.8682302353534364
241,39,15,0.8488891439302314
241,43,2,0.8449936631740826
241,44,3,0.8514795066951658
241,27,4,0.5604435081282481
242,84,4,0.43781739846694223
242,74,2,0.3940370646651158
242,39,3,0.17081648476101421
242,27,2,0.29447535348297554
243,39,2,0.1255241407824322
243,27,2,0.3157349751989111
243,56,2,0.19749248542592152
244,96,2,0.3197230788675819
244,102,2,0.7676289125333731
244,6,2,0.30175732474631806
244,83,2,0.27719555285780323
244,33,4,0.09418370580721068
244,13,5,0.04546289101736032
244,77,3,0.30482780537998705
245,96,2,0.4485947779681676
245,39,9,0.5514255313886764
245,13,5,0.07948149833347114
245,77,2,0.18927542348539028
245,56,3,0.20290465394390475
245,108,4,0.8250042240646891
245,98,2,0.3677988904105538
245,83,2,0.29836625882351586
245,27,3,0.4031902648900331
246,13,4,0.03248886345252716
246,0,2,0.11923470653885829
246,83,3,0.43145325302506493
246,56,3,0.23430526566389848
246,77,3,0.3254615265095805
246,6,2,0.14942705731946795
246,84,2,0.1910431977647264
247,13,3,0.026569399594748074
247,33,5,0.129161463290578
247,6,2,0.33437436525863495
248,54,2,0.8903875448259442
248,74,2,0.3497336412666433
248,39,11,0.6458710823281378
248,6,3,0.43797463678271076
248,98,3,0.5523042876454733
248,83,3,0.5135934697968882
248,27,3,0.4193170807163153
248,44,2,0.6202590492702008
248,56,4,0.3752983004367263
249,97,2,0.7705202958887638
249,108,3,0.653977482995958
249,0,2,0.11899368308644434
250,100,2,0.9823706758296205
250,27,2,0.16515659854981957
250,56,2,0.06436662635178834
250,13,2,0.011986041097921259
251,56,5,0.488853528685294
251,83,2,0.3116580282552331
251,39,10,0.5892656281883514
251,84,2,0.2327533632324269
251,27,3,0.4132518371602114
251,58,2,0.6022174767583098
252,13,3,0.03306293688431344
252,39,5,0.22517786015058955
252,27,3,0.3577641975297694
252,77,2,0.18160256073449027
253,56,6,0.543252101594008
253,57,3,0.827752431560616
253,39,11,0.6175200163360012
253,58,2,0.5373915729168465
253,27,2,0.2748666703348095
253,75,3,0.8243195952254444
254,27,3,0.2881844676493836
254,83,2,0.21259553646846027
254,98,2,0.2317581927239681
254,39,6,0.22249788004872723
254,13,2,0.01847052025474156
254,96,2,0.33390716590385955
254,56,3,0.16159057149588038
255,74,4,0.6789375290268911
255,39,12,0.7338325893862319
255,84,7,0.7832334689370052
255,83,2,0.2708265145270604
255,56,7,0.5963853793883314
255,98,2,0.3688106003641051
255,108,3,0.6826628287978074
255,0,2,0.13312314476526313
255,27,3,0.40342709578158503
255,57,3,0.9170058979530927
255,13,5,0.07077450894678718
255,58,2,0.48509085391324636
256,33,2,0.0844146408431895
256,108,2,0.397205061727819
256,77,2,0.14351107171510336
256,13,2,0.02128860324478927
256,6,3,0.48813654362940473
257,96,2,0.32061296955044727
257,108,3,0.4908531940245704
257,0,4,0.17798124823780587
257,27,3,0.31397271174689534
257,77,3,0.2524535798489666
257,83,4,0.5029445516029616
257,30,2,0.23680170200173864
257,39,10,0.4078730240119191
257,33,2,0.05483176030013338
257,13,7,0.0541118170282368
257,56,3,0.1519825753902799
258,13,4,0.05300572362550921
258,27,3,0.3759386478362335
258,39,6,0.30306754784984663
259,56,4,0.3820787289464485
259,13,5,0.046322083180304445
259,47,3,0.4182619574072833
259,58,2,0.5876038608934565
259,6,4,0.561627058038554
259,31,2,0.013126004730138276
260,27,3,0.42321417678003814
260,97,2,0.9467517115502774
260,39,3,0.18120616554922583
260,75,3,0.9464675225465536
261,13,8,0.043026930065189505
261,77,2,0.1438539350079394
261,35,2,0.6526058219560126
261,27,3,0.3837646984814151
262,13,2,0.022808250373860882
262,56,3,0.23414145959642976
262,84,2,0.20174603180873946
262,83,2,0.317715308530896
262,39,11,0.6392209114686908
262,27,4,0.5194840613273107
263,33,4,0.08334122965729655
263,77,2,0.15911245611326708
263,13,5,0.0538840598396791
264,56,2,0.2001207370661996
264,39,3,0.17904183224250314
264,84,2,0.22179794621617943
264,27,2,0.29645529962665756
265,39,3,0.1893568705739456
265,27,2,0.3067943262803345
265,84,2,0.21966668574670398
265,56,2,0.1520644347911569
266,6,4,0.6419118402231303
266,33,3,0.07271029740492725
266,35,2,0.41639078059514273
267,13,3,0.0367803484736236
267,103,2,0.7005559583221384
267,56,3,0.2339354707537066
268,13,3,0.01891489428895608
268,6,3,0.42439087042663204
268,35,2,0.5162075363465739
268,77,2,0.18051754525995342
268,56,3,0.22700426583120897
268,58,2,0.48639575077704916
269,13,2,0.01959674806826848
269,77,2,0.1321666062687788
269,35,2,0.237015156275471
270,13,4,0.044184416183655505
270,33,5,0.1529541889630906
270,35,2,0.46562720028562427
270,56,2,0.09946760665545695
271,56,3,0.28475334831829496
271,27,3,0.43546832385212686
271,39,4,0.22966182337096797
271,74,2,0.3304564745711014
271,84,4,0.4576781558985671
272,6,3,0.2901326275338322
272,35,2,0.5428738232956283
272,13,10,0.11152146765317979
272,33,8,0.10660426538106717
273,27,4,0.6517595544408991
273,77,2,0.2134399439381889
273,39,11,0.6960566875195736
274,33,4,0.08384429890016701
274,13,5,0.059373679222392874
274,6,2,0.21349176044211565
275,33,5,0.17289945786367708
275,6,3,0.35737380859062534
275,13,7,0.0875405040153444
275,103,2,0.7112618609745089
276,56,2,0.17321002991003231
276,33,2,0.07873379324464876
276,58,2,0.519630089730097
277,27,2,0.3045121013267867
277,39,11,0.649391801059402
277,56,4,0.38927243998994854
278,84,5,0.39360297887653545
278,97,2,0.6736749011849081
278,56,4,0.23074042233326977
278,75,2,0.4733372637734152
278,74,3,0.3401927915309567
278,27,3,0.3215551073216636
278,39,6,0.24995832959834086
278,58,2,0.3872619407318578
278,20,2,0.11462124692791786
278,13,2,0.02716559318680151
278,98,4,0.5777443615463441
278,77,2,0.17721970169513723
279,75,3,0.9481401805443984
279,56,3,0.3070823003893782
279,57,3,0.9251152931045982
279,98,4,0.7572137980044497
279,97,2,0.9479316255853518
279,39,5,0.31527774217447724
279,27,2,0.3196365976359934
280,39,2,0.12820650161562608
280,56,2,0.19916643729731198
280,13,2,0.01517810128333673
280,35,2,0.2985453088482574
281,56,2,0.11524652737302787
281,83,2,0.17071316637612916
281,39,3,0.11094006341915595
281,96,2,0.4366191851544775
281,108,3,0.4273582492457735
282,84,4,0.44554190393193477
282,74,2,0.3454183484304426
282,27,3,0.432728433915891
282,39,3,0.18235868111867354
282,56,3,0.2845348415401061
283,108,2,0.4735419268863852
283,56,2,0.1401591467541804
283,83,2,0.29103492565420486
283,84,5,0.5889954291052887
283,27,3,0.41212285563087675
283,39,10,0.6215558508675116
284,77,2,0.17712027931876595
284,27,3,0.38134830437352923
284,96,2,0.4520818541443862
284,84,3,0.25056437567268663
284,56,4,0.308452353228996
284,39,7,0.37630569674893993
284,13,3,0.04653590099699094
284,6,3,0.3524972738046419
284,83,3,0.4433591829803868
285,58,2,0.4712640378406337
285,83,3,0.4394208493757269
285,98,5,0.7468770668243094
285,56,7,0.5344641720002757
285,57,2,0.4899416701782267
285,27,4,0.5305172399862806
285,39,8,0.4002506384359806
285,84,7,0.6245523364691781
285,97,2,0.7056492976237695
285,74,4,0.5494556462678195
286,77,3,0.273453753381417
286,96,2,0.4097054058016594
286,13,2,0.027468461677843677
286,84,6,0.5860993817248429
286,0,3,0.17333819104871306
286,39,6,0.3175766624962665
286,74,3,0.4689466274519679
286,27,2,0.262604970426157
286,108,4,0.773851704682828
287,27,2,0.32171166713464866
287,56,3,0.31678950076188017
287,39,2,0.12386207716685305
288,39,2,0.12628512538249273
288,27,2,0.3138078243847496
288,83,2,0.3337728748994827
289,56,2,0.17098490252422222
289,84,2,0.24127855168956447
289,39,3,0.18703070981114403
289,6,3,0.3121977405336293
290,13,4,0.057348572749666794
290,39,5,0.20281010181181175
290,97,2,0.6016619532909778
290,98,3,0.37162963764226753
290,57,2,0.39491489038560457
290,27,3,0.3331755030048764
291,33,2,0.05458361823540101
291,13,3,0.053398668079370416
291,109,2,0.6785188793111734
292,109,2,0.6785188793111734
292,33,2,0.05458361823540101
292,13,3,0.053398668079370416
293,33,2,0.07150651884573538
293,13,2,0.017528083060709743
293,6,2,0.28161736900115464
294,56,2,0.21730391185411305
294,84,2,0.2469873233574899
294,39,3,0.19106622385325084
295,35,2,0.4949937758796053
295,33,4,0.12693483374716147
295,13,3,0.03475004467758899
296,77,2,0.02806238920457775
296,13,7,0.015785093927574986
296,35,2,0.10881033566171354
297,13,6,0.07097784119635707
297,96,2,0.44211485683061996
297,6,2,0.3209503361770918
297,83,2,0.2656184477875481
297,27,2,0.2516206241307482
298,33,2,0.05802302547862461
298,6,2,0.29725555935568726
298,15,2,0.2552620676270639
299,39,6,0.32774798087105145
299,6,2,0.2969401529987502
299,77,2,0.1642850321331038
299,27,2,0.24208948403181538
299,58,2,0.5103114866980374
299,13,2,0.025666063291256876
299,83,2,0.33705986221331574
299,56,6,0.5102419790893867
300,98,4,0.7274455578494662
300,56,6,0.55166419821877
300,58,2,0.5427193178060811
301,39,10,0.5996212611556057
301,98,4,0.7311857625516126
301,57,3,0.8510386888418316
301,27,3,0.4745752373800494
302,39,11,0.597793701450928
302,84,5,0.508327972833269
302,27,3,0.38409174265478613
302,56,3,0.2727437174486289
302,74,2,0.2987100826538483
303,27,3,0.42433817510273303
303,84,3,0.34065634341959233
303,56,4,0.34713917162904334
303,98,4,0.7789516855736262
303,39,10,0.6447932867028305
304,77,2,0.14302345409002282
304,33,2,0.05353781810163751
304,13,2,0.029883649209607867
304,6,3,0.4017711646805061
305,56,4,0.35176931336301187
305,27,3,0.4287612289157987
305,39,6,0.31620014862013274
305,74,4,0.5939513738587959
305,98,5,0.7658033263868185
306,58,2,0.541590786904088
306,98,4,0.7608687474867836
306,56,6,0.5918523528735417
307,75,3,0.7474174778689079
307,83,3,0.43254785973739845
307,84,4,0.3628939936876035
307,39,12,0.6327527202317301
307,27,3,0.362743362456003
307,74,3,0.4227172214262082
307,56,3,0.22807980656339197
308,77,3,0.30204081541018774
308,13,3,0.03949263270842275
308,117,2,0.374074370912614
309,13,3,0.031055844723609487
309,56,3,0.28478576493163615
309,84,3,0.29993850434391006
309,27,3,0.43548377611736866
309,39,8,0.47795719796247305
309,83,2,0.32893597182418927
310,39,10,0.6143696530419146
310,27,4,0.6288073235187985
310,56,2,0.19210733511832107
310,83,2,0.3662048054071276
311,84,2,0.231799495886853
311,27,3,0.38628173633217483
311,39,5,0.26977767402038094
312,116,2,0.9077485396122356
312,96,2,0.3954288701136319
312,56,2,0.1299804140520492
312,77,2,0.1637111422880012
312,13,6,0.07942286968778221
312,39,2,0.09662656000359497
312,108,3,0.5803044718558992
312,27,3,0.38679282687793953
312,83,3,0.4532065806314726
312,84,6,0.6958211833138097
312,74,3,0.5556275296450378
313,97,2,0.9052136765682254
313,58,2,0.5136157993072649
313,56,6,0.516325813599284
313,27,3,0.44696666133366786
313,98,5,0.9608668159467928
313,83,2,0.33992994344012706
313,54,2,0.8731910842842833
313,74,3,0.4826115460458261
313,84,6,0.680016313591999
313,39,13,0.7831417201215
314,33,11,0.20499003430279375
314,6,3,0.500919606858423
314,13,2,0.03442682767068935
315,56,2,0.1530861583740746
315,83,3,0.47063141897540584
315,77,2,0.1656884642087644
315,27,3,0.39225594748545306
315,98,4,0.6840937024960737
315,39,10,0.5761187599051937
316,77,2,0.1800586382309576
316,97,2,0.7795276479893778
316,84,6,0.5860460916500178
316,30,2,0.3475732976368549
316,74,3,0.4695272057810834
316,75,3,0.7821083070507783
316,108,3,0.592133566132425
316,48,2,0.5304818543246768
316,27,3,0.37997059312645565
316,56,4,0.3797808382400105
316,96,2,0.38995743069705135
316,0,3,0.17603723260515997
316,39,9,0.4847448246385461
317,77,2,0.21783093258449968
317,33,2,0.050450393630486555
317,13,2,0.0281994242740494
318,56,3,0.1571018639963881
318,58,2,0.27670682102144234
318,103,2,0.7431525310536011
319,13,2,0.020218688241394157
319,33,2,0.06506654472321309
319,35,2,0.6387595850383427
320,13,6,0.08460631484681681
320,33,4,0.12418331959261883
320,72,2,0.4604047938126652
321,56,3,0.22913144182172981
321,33,4,0.14009363632249006
321,39,10,0.5003948142555398
321,6,3,0.38123056927472315
322,84,5,0.4004569580533233
322,13,5,0.06395908196584071
322,27,2,0.2126172601270945
322,108,3,0.6568769657449798
322,83,2,0.26811510338179484
322,33,2,0.06170277466403618
322,56,3,0.1962959393771594
322,39,8,0.40875579436347775
322,77,2,0.16026885586752782
323,27,3,0.28997353333542986
323,13,5,0.053875957504675956
323,96,2,0.3008003366481994
323,31,2,0.027833266306444615
323,84,6,0.4358736792310553
323,39,11,0.4327065230222188
323,74,3,0.3472562965714401
323,98,5,0.5587385937300293
323,83,2,0.22241647528748282
323,77,3,0.2119509900973514
323,0,3,0.11715769194386302
323,108,3,0.4378249044397057
323,97,2,0.510080587449186
324,77,2,0.18533500518087825
324,27,3,0.4428259952199552
324,39,2,0.10366967009851139
325,108,3,0.6504422117643004
325,84,6,0.6404815078634568
325,39,11,0.6419077956882477
325,27,3,0.42233861165042597
325,74,4,0.6876474914653552
326,84,3,0.3379603740890974
326,77,2,0.17943238773428294
326,27,3,0.46402902304839283
326,83,2,0.3705731818216904
326,56,3,0.2950070627157564
327,84,2,0.20597064453876046
327,27,3,0.4706838064389584
327,39,6,0.3719797588307427
328,74,2,0.27487374425570615
328,56,2,0.15601072475003738
328,97,2,0.6811201853975086
328,84,3,0.27316218343531706
328,6,2,0.23451209305231438
328,75,3,0.691430609556989
329,47,2,0.3487815332790836
329,27,3,0.4608760697393728
329,13,2,0.03116011878318894
329,39,9,0.532214056384776
330,13,2,0.021246961553052224
330,6,4,0.11753927337115948
330,33,3,0.10421701287230616
331,102,2,0.8125157535009948
331,33,2,0.0810150717390197
331,6,2,0.2264367582571357
332,77,2,0.17260177795598933
332,27,2,0.2319858265634104
332,13,4,0.053289869179320916
333,13,3,0.04879571508687035
333,39,2,0.08473783006213655
333,27,3,0.2775187867647807
334,39,9,0.4739557951254636
334,56,3,0.20709322151425846
334,27,3,0.4046027474323251
334,83,2,0.32371012123640613
334,84,5,0.5063717570341866
334,74,2,0.28349212649456434
335,27,2,0.2879112233950279
335,56,2,0.2074872574804003
335,39,5,0.2957583911503094
335,84,5,0.5247632781667139
336,27,2,0.33065998814396197
336,84,2,0.2336834809075056
336,56,3,0.3099591729960782
336,39,2,0.11539873739997511
337,13,2,0.02777309064116398
337,77,3,0.23675424878402498
337,33,2,0.0706654969700673
338,27,2,0.2965607801347852
338,84,6,0.6581832232735849
338,56,3,0.29725498583026677
338,39,12,0.7302249151749999
339,39,10,0.5992413887985578
339,13,3,0.04567013405964292
339,98,4,0.6963290845487131
340,56,2,0.12455033303052258
340,33,2,0.07256549804154674
340,6,2,0.19262198079618015
341,39,3,0.18884080885013257
341,56,2,0.14868261249831102
341,83,2,0.3227541072861344
341,6,2,0.45302792909292616
341,27,2,0.2637849355607837
342,77,2,0.1839259601537745
342,13,2,0.03550335028801043
342,39,3,0.158313517880002
342,27,3,0.43014023208208635
343,27,2,0.23251076835215545
343,77,2,0.1938272875514245
343,35,2,0.42194384396120843
344,84,3,0.19902887250211812
344,39,4,0.14535952307609526
344,33,11,0.2111376465058464
344,27,3,0.28960164305491626
344,108,3,0.4149028135956615
344,56,2,0.11487612759138296
345,27,3,0.379885469253243
345,13,3,0.04704152250995056
345,56,3,0.23702962982426326
346,57,3,0.8547112696696676
346,39,10,0.5632530707580268
346,98,4,0.725347738214212
347,27,2,0.22091396070324465
347,84,3,0.3224876777143744
347,83,2,0.3723745110645832
348,56,2,0.17092288099509126
348,27,2,0.27092672744585444
348,39,2,0.12576025924594786
349,6,2,0.18385182534424782
349,13,6,0.06913560864334571
349,33,2,0.05842242604295674
349,77,2,0.16113622790164261
350,13,4,0.05539102115858114
350,35,2,0.48568626197121506
350,77,2,0.19929465525364914
351,33,3,0.12002481339402467
351,6,2,0.14312281018010967
351,13,2,0.01086467634916173
352,39,7,0.43340225370215796
352,27,2,0.33251678537644486
352,6,2,0.4138593547381548
353,13,2,0.03550141556036473
353,77,2,0.19281343968869774
353,6,2,0.3990471662005727
354,56,2,0.15723860848558177
354,39,2,0.09015081175575253
354,83,2,0.3566664628779875
355,84,3,0.31943816294944083
355,56,3,0.30887561915555484
355,39,2,0.13071748996807298
356,74,2,0.3474603947475572
356,39,5,0.24680473623898266
356,27,2,0.27282842354565934
356,56,3,0.17709106716686862
357,74,3,0.4766121548079587
357,116,2,0.9450414440373736
357,13,5,0.08344002423003127
357,56,5,0.4567063149321078
357,30,2,0.3735528396745703
357,83,4,0.6899499966654291
357,84,6,0.5894198593002402
357,27,3,0.39680545435196257
357,108,3,0.6354599856353814
357,0,3,0.19118367071471415
357,39,10,0.5974523242323175
357,98,3,0.5425117634314779
357,96,2,0.4506732526969161
358,6,3,0.6964186953632365
358,56,3,0.1985452151934129
358,84,2,0.18562417050914265
358,39,3,0.14770533189445548
358,27,3,0.35884660689605113
358,83,2,0.27755649374698366
359,56,3,0.25071392786052044
359,39,2,0.10626806297055229
359,84,5,0.6038865380106548
359,27,2,0.2638938328533256
360,84,2,0.2191416966240012
360,56,2,0.19801673673241252
360,27,3,0.4887397230747927
361,56,3,0.2884856180160134
361,27,2,0.31669361622356634
361,39,2,0.12368837305390716
362,74,2,0.2953467376307235
362,56,3,0.3180674051039907
362,84,5,0.48985862729075247
363,56,4,0.3176277351993492
363,58,2,0.5151084096708446
363,39,10,0.5353895564313083
364,56,2,0.20707559010602666
364,108,3,0.7038573440357432
364,39,11,0.7008688275831679
365,39,11,0.6875947941103759
365,56,2,0.2103402046780379
365,108,3,0.6875298154347076
366,56,2,0.20638649445170726
366,39,11,0.7059141210715272
366,108,3,0.702275688967254
367,56,2,0.2101748284291758
367,108,3,0.6946157358511347
367,39,11,0.6970952161541188
368,108,3,0.7091892454310209
368,39,11,0.7121553526058116
368,56,2,0.21345321250055527
369,56,2,0.2119816280862366
369,108,3,0.7261253584457587
369,39,11,0.7169913791765555
370,108,3,0.7052315876595607
370,39,11,0.7041491995619349
370,56,2,0.20596937935445558
371,56,2,0.21084026461647942
371,108,3,0.7104518008022207
371,39,11,0.7096670578740055
372,108,3,0.6996744361553663
372,39,11,0.6842066173692588
372,56,2,0.2143568739895898
373,56,2,0.20852338705376872
373,108,3,0.714294861024831
373,39,11,0.713443371230371
